<?xml version="1.0" encoding="UTF-8"?>
<COLLADA xmlns="http://www.collada.org/2005/11/COLLADASchema" version="1.4.1">
<!--
# File generated by FabConvert.com - Free Image and 3D model conversion tools
-->
  <asset>
    <contributor>
      <author>FabConvert.com</author>
      <authoring_tool>FabConvert.com</authoring_tool>
    </contributor>
    <created>2025-11-20T02:49:06</created>
    <modified>2025-11-20T02:49:06</modified>
    <up_axis>Z_UP</up_axis>
  </asset>
  <library_effects>
    <effect id="effect_0">
        <profile_COMMON>
          <technique sid="common">
            <phong>
              <diffuse>
                <color>0.85 0.85 0.85 1</color>
              </diffuse>
              <specular>
                <color>0.05 0.05 0.05 1</color>
              </specular>
              <shininess>
                <float>64</float>
              </shininess>
            </phong>
          </technique>
        </profile_COMMON>
    </effect>
  </library_effects>
  <library_materials>
    <material id="mat_0">
      <instance_effect url="#effect_0"/>
    </material>
  </library_materials>
  <library_geometries>
    <geometry id="geometry_fab5999f_816f_45f0_ada9_b50b3e5876a3">
      <mesh>
        <source id="pos_0">
          <float_array id="pos_0-array" count="8271">0.28248588 -33.05084746 5 0.56497175 -33.05084746 5 8.47457627 -16.52542373 5 0.56497175 0 5 0.28248588 0 5 0.84745763 -33.05084746 5 0.84745763 0 5 1.1299435 -33.05084746 5 1.1299435 0 5 1.41242938 -33.05084746 5 1.41242938 0 5 1.69491525 -33.05084746 5 1.69491525 0 5 1.97740113 -33.05084746 5 1.97740113 0 5 2.25988701 -33.05084746 5 2.25988701 0 5 2.54237288 -33.05084746 5 2.54237288 0 5 2.82485876 -33.05084746 5 2.82485876 0 5 3.10734463 -33.05084746 5 3.10734463 0 5 3.38983051 -33.05084746 5 3.38983051 0 5 3.67231638 -33.05084746 5 3.67231638 0 5 3.95480226 -33.05084746 5 3.95480226 0 5 4.23728814 -33.05084746 5 4.23728814 0 5 4.51977401 -33.05084746 5 4.51977401 0 5 4.80225989 -33.05084746 5 4.80225989 0 5 5.08474576 -33.05084746 5 5.08474576 0 5 5.36723164 -33.05084746 5 5.36723164 0 5 5.64971751 -33.05084746 5 5.64971751 0 5 5.93220339 -33.05084746 5 5.93220339 0 5 6.21468927 -33.05084746 5 6.21468927 0 5 6.49717514 -33.05084746 5 6.49717514 0 5 6.77966102 -33.05084746 5 6.77966102 0 5 7.06214689 -33.05084746 5 7.06214689 0 5 7.34463277 -33.05084746 5 7.34463277 0 5 7.62711864 -33.05084746 5 7.62711864 0 5 7.90960452 -33.05084746 5 7.90960452 0 5 8.1920904 -33.05084746 5 8.1920904 0 5 8.47457627 -33.05084746 5 8.47457627 0 5 8.75706215 -33.05084746 5 8.75706215 0 5 9.03954802 -33.05084746 5 9.03954802 0 5 9.3220339 -33.05084746 5 9.3220339 0 5 9.60451977 -33.05084746 5 9.60451977 0 5 9.88700565 -33.05084746 5 9.88700565 0 5 10.16949153 -33.05084746 5 10.16949153 0 5 10.4519774 -33.05084746 5 10.4519774 0 5 10.73446328 -33.05084746 5 10.73446328 0 5 11.01694915 -33.05084746 5 11.01694915 0 5 11.29943503 -33.05084746 5 11.29943503 0 5 11.5819209 -33.05084746 5 11.5819209 0 5 11.86440678 -33.05084746 5 11.86440678 0 5 12.14689266 -33.05084746 5 12.14689266 0 5 12.42937853 -33.05084746 5 12.42937853 0 5 12.71186441 -33.05084746 5 12.71186441 0 5 12.99435028 -33.05084746 5 12.99435028 0 5 13.27683616 -33.05084746 5 13.27683616 0 5 13.55932203 -33.05084746 5 13.55932203 0 5 13.84180791 -33.05084746 5 13.84180791 0 5 14.12429379 -33.05084746 5 14.12429379 0 5 14.40677966 -33.05084746 5 14.40677966 0 5 14.68926554 -33.05084746 5 14.68926554 0 5 14.97175141 -33.05084746 5 14.97175141 0 5 15.25423729 -33.05084746 5 15.25423729 0 5 15.53672316 -33.05084746 5 15.53672316 0 5 15.81920904 -33.05084746 5 15.81920904 0 5 16.10169492 -33.05084746 5 16.10169492 0 5 16.38418079 -33.05084746 5 16.38418079 0 5 16.66666667 -33.05084746 5 16.66666667 0 5 0.28248588 -32.76836158 5 16.66666667 -32.76836158 5 0.28248588 -32.48587571 5 16.66666667 -32.48587571 5 0.28248588 -32.20338983 5 16.66666667 -32.20338983 5 0.28248588 -31.92090395 5 16.66666667 -31.92090395 5 0.28248588 -31.63841808 5 16.66666667 -31.63841808 5 0.28248588 -31.3559322 5 16.66666667 -31.3559322 5 0.28248588 -31.07344633 5 16.66666667 -31.07344633 5 0.28248588 -30.79096045 5 16.66666667 -30.79096045 5 0.28248588 -30.50847458 5 16.66666667 -30.50847458 5 0.28248588 -30.2259887 5 16.66666667 -30.2259887 5 0.28248588 -29.94350282 5 16.66666667 -29.94350282 5 0.28248588 -29.66101695 5 16.66666667 -29.66101695 5 0.28248588 -29.37853107 5 16.66666667 -29.37853107 5 0.28248588 -29.0960452 5 16.66666667 -29.0960452 5 0.28248588 -28.81355932 5 16.66666667 -28.81355932 5 0.28248588 -28.53107345 5 16.66666667 -28.53107345 5 0.28248588 -28.24858757 5 16.66666667 -28.24858757 5 0.28248588 -27.96610169 5 16.66666667 -27.96610169 5 0.28248588 -27.68361582 5 16.66666667 -27.68361582 5 0.28248588 -27.40112994 5 16.66666667 -27.40112994 5 0.28248588 -27.11864407 5 16.66666667 -27.11864407 5 0.28248588 -26.83615819 5 16.66666667 -26.83615819 5 0.28248588 -26.55367232 5 16.66666667 -26.55367232 5 0.28248588 -26.27118644 5 16.66666667 -26.27118644 5 0.28248588 -25.98870056 5 16.66666667 -25.98870056 5 0.28248588 -25.70621469 5 16.66666667 -25.70621469 5 0.28248588 -25.42372881 5 16.66666667 -25.42372881 5 0.28248588 -25.14124294 5 16.66666667 -25.14124294 5 0.28248588 -24.85875706 5 16.66666667 -24.85875706 5 0.28248588 -24.57627119 5 16.66666667 -24.57627119 5 0.28248588 -24.29378531 5 16.66666667 -24.29378531 5 0.28248588 -24.01129944 5 16.66666667 -24.01129944 5 0.28248588 -23.72881356 5 16.66666667 -23.72881356 5 0.28248588 -23.44632768 5 16.66666667 -23.44632768 5 0.28248588 -23.16384181 5 16.66666667 -23.16384181 5 0.28248588 -22.88135593 5 16.66666667 -22.88135593 5 0.28248588 -22.59887006 5 16.66666667 -22.59887006 5 0.28248588 -22.31638418 5 16.66666667 -22.31638418 5 0.28248588 -22.03389831 5 16.66666667 -22.03389831 5 0.28248588 -21.75141243 5 16.66666667 -21.75141243 5 0.28248588 -21.46892655 5 16.66666667 -21.46892655 5 0.28248588 -21.18644068 5 16.66666667 -21.18644068 5 0.28248588 -20.9039548 5 16.66666667 -20.9039548 5 0.28248588 -20.62146893 5 16.66666667 -20.62146893 5 0.28248588 -20.33898305 5 16.66666667 -20.33898305 5 0.28248588 -20.05649718 5 16.66666667 -20.05649718 5 0.28248588 -19.7740113 5 16.66666667 -19.7740113 5 0.28248588 -19.49152542 5 16.66666667 -19.49152542 5 0.28248588 -19.20903955 5 16.66666667 -19.20903955 5 0.28248588 -18.92655367 5 16.66666667 -18.92655367 5 0.28248588 -18.6440678 5 16.66666667 -18.6440678 5 0.28248588 -18.36158192 5 16.66666667 -18.36158192 5 0.28248588 -18.07909605 5 16.66666667 -18.07909605 5 0.28248588 -17.79661017 5 16.66666667 -17.79661017 5 0.28248588 -17.51412429 5 16.66666667 -17.51412429 5 0.28248588 -17.23163842 5 16.66666667 -17.23163842 5 0.28248588 -16.94915254 5 16.66666667 -16.94915254 5 0.28248588 -16.66666667 5 16.66666667 -16.66666667 5 0.28248588 -16.38418079 5 16.66666667 -16.38418079 5 0.28248588 -16.10169492 5 16.66666667 -16.10169492 5 0.28248588 -15.81920904 5 16.66666667 -15.81920904 5 0.28248588 -15.53672316 5 16.66666667 -15.53672316 5 0.28248588 -15.25423729 5 16.66666667 -15.25423729 5 0.28248588 -14.97175141 5 16.66666667 -14.97175141 5 0.28248588 -14.68926554 5 16.66666667 -14.68926554 5 0.28248588 -14.40677966 5 16.66666667 -14.40677966 5 0.28248588 -14.12429379 5 16.66666667 -14.12429379 5 0.28248588 -13.84180791 5 16.66666667 -13.84180791 5 0.28248588 -13.55932203 5 16.66666667 -13.55932203 5 0.28248588 -13.27683616 5 16.66666667 -13.27683616 5 0.28248588 -12.99435028 5 16.66666667 -12.99435028 5 0.28248588 -12.71186441 5 16.66666667 -12.71186441 5 0.28248588 -12.42937853 5 16.66666667 -12.42937853 5 0.28248588 -12.14689266 5 16.66666667 -12.14689266 5 0.28248588 -11.86440678 5 16.66666667 -11.86440678 5 0.28248588 -11.5819209 5 16.66666667 -11.5819209 5 0.28248588 -11.29943503 5 16.66666667 -11.29943503 5 0.28248588 -11.01694915 5 16.66666667 -11.01694915 5 0.28248588 -10.73446328 5 16.66666667 -10.73446328 5 0.28248588 -10.4519774 5 16.66666667 -10.4519774 5 0.28248588 -10.16949153 5 16.66666667 -10.16949153 5 0.28248588 -9.88700565 5 16.66666667 -9.88700565 5 0.28248588 -9.60451977 5 16.66666667 -9.60451977 5 0.28248588 -9.3220339 5 16.66666667 -9.3220339 5 0.28248588 -9.03954802 5 16.66666667 -9.03954802 5 0.28248588 -8.75706215 5 16.66666667 -8.75706215 5 0.28248588 -8.47457627 5 16.66666667 -8.47457627 5 0.28248588 -8.1920904 5 16.66666667 -8.1920904 5 0.28248588 -7.90960452 5 16.66666667 -7.90960452 5 0.28248588 -7.62711864 5 16.66666667 -7.62711864 5 0.28248588 -7.34463277 5 16.66666667 -7.34463277 5 0.28248588 -7.06214689 5 16.66666667 -7.06214689 5 0.28248588 -6.77966102 5 16.66666667 -6.77966102 5 0.28248588 -6.49717514 5 16.66666667 -6.49717514 5 0.28248588 -6.21468927 5 16.66666667 -6.21468927 5 0.28248588 -5.93220339 5 16.66666667 -5.93220339 5 0.28248588 -5.64971751 5 16.66666667 -5.64971751 5 0.28248588 -5.36723164 5 16.66666667 -5.36723164 5 0.28248588 -5.08474576 5 16.66666667 -5.08474576 5 0.28248588 -4.80225989 5 16.66666667 -4.80225989 5 0.28248588 -4.51977401 5 16.66666667 -4.51977401 5 0.28248588 -4.23728814 5 16.66666667 -4.23728814 5 0.28248588 -3.95480226 5 16.66666667 -3.95480226 5 0.28248588 -3.67231638 5 16.66666667 -3.67231638 5 0.28248588 -3.38983051 5 16.66666667 -3.38983051 5 0.28248588 -3.10734463 5 16.66666667 -3.10734463 5 0.28248588 -2.82485876 5 16.66666667 -2.82485876 5 0.28248588 -2.54237288 5 16.66666667 -2.54237288 5 0.28248588 -2.25988701 5 16.66666667 -2.25988701 5 0.28248588 -1.97740113 5 16.66666667 -1.97740113 5 0.28248588 -1.69491525 5 16.66666667 -1.69491525 5 0.28248588 -1.41242938 5 16.66666667 -1.41242938 5 0.28248588 -1.1299435 5 16.66666667 -1.1299435 5 0.28248588 -0.84745763 5 16.66666667 -0.84745763 5 0.28248588 -0.56497175 5 16.66666667 -0.56497175 5 0.28248588 -0.28248588 5 16.66666667 -0.28248588 5 16.94915254 -16.38418079 5 25 -8.1920904 5 16.94915254 0 5 17.23163842 -16.38418079 5 17.23163842 0 5 17.51412429 -16.38418079 5 17.51412429 0 5 17.79661017 -16.38418079 5 17.79661017 0 5 18.07909605 -16.38418079 5 18.07909605 0 5 18.36158192 -16.38418079 5 18.36158192 0 5 18.6440678 -16.38418079 5 18.6440678 0 5 18.92655367 -16.38418079 5 18.92655367 0 5 19.20903955 -16.38418079 5 19.20903955 0 5 19.49152542 -16.38418079 5 19.49152542 0 5 19.7740113 -16.38418079 5 19.7740113 0 5 20.05649718 -16.38418079 5 20.05649718 0 5 20.33898305 -16.38418079 5 20.33898305 0 5 20.62146893 -16.38418079 5 20.62146893 0 5 20.9039548 -16.38418079 5 20.9039548 0 5 21.18644068 -16.38418079 5 21.18644068 0 5 21.46892655 -16.38418079 5 21.46892655 0 5 21.75141243 -16.38418079 5 21.75141243 0 5 22.03389831 -16.38418079 5 22.03389831 0 5 22.31638418 -16.38418079 5 22.31638418 0 5 22.59887006 -16.38418079 5 22.59887006 0 5 22.88135593 -16.38418079 5 22.88135593 0 5 23.16384181 -16.38418079 5 23.16384181 0 5 23.44632768 -16.38418079 5 23.44632768 0 5 23.72881356 -16.38418079 5 23.72881356 0 5 24.01129944 -16.38418079 5 24.01129944 0 5 24.29378531 -16.38418079 5 24.29378531 0 5 24.57627119 -16.38418079 5 24.57627119 0 5 24.85875706 -16.38418079 5 24.85875706 0 5 25.14124294 -16.38418079 5 25.14124294 0 5 25.42372881 -16.38418079 5 25.42372881 0 5 25.70621469 -16.38418079 5 25.70621469 0 5 25.98870056 -16.38418079 5 25.98870056 0 5 26.27118644 -16.38418079 5 26.27118644 0 5 26.55367232 -16.38418079 5 26.55367232 0 5 26.83615819 -16.38418079 5 26.83615819 0 5 27.11864407 -16.38418079 5 27.11864407 0 5 27.40112994 -16.38418079 5 27.40112994 0 5 27.68361582 -16.38418079 5 27.68361582 0 5 27.96610169 -16.38418079 5 27.96610169 0 5 28.24858757 -16.38418079 5 28.24858757 0 5 28.53107345 -16.38418079 5 28.53107345 0 5 28.81355932 -16.38418079 5 28.81355932 0 5 29.0960452 -16.38418079 5 29.0960452 0 5 29.37853107 -16.38418079 5 29.37853107 0 5 29.66101695 -16.38418079 5 29.66101695 0 5 29.94350282 -16.38418079 5 29.94350282 0 5 30.2259887 -16.38418079 5 30.2259887 0 5 30.50847458 -16.38418079 5 30.50847458 0 5 30.79096045 -16.38418079 5 30.79096045 0 5 31.07344633 -16.38418079 5 31.07344633 0 5 31.3559322 -16.38418079 5 31.3559322 0 5 31.63841808 -16.38418079 5 31.63841808 0 5 31.92090395 -16.38418079 5 31.92090395 0 5 32.20338983 -16.38418079 5 32.20338983 0 5 32.48587571 -16.38418079 5 32.48587571 0 5 32.76836158 -16.38418079 5 32.76836158 0 5 33.05084746 -16.38418079 5 33.05084746 0 5 33.33333333 -16.38418079 5 33.33333333 0 5 33.33333333 -16.10169492 5 33.33333333 -15.81920904 5 33.33333333 -15.53672316 5 33.33333333 -15.25423729 5 33.33333333 -14.97175141 5 33.33333333 -14.68926554 5 33.33333333 -14.40677966 5 33.33333333 -14.12429379 5 33.33333333 -13.84180791 5 33.33333333 -13.55932203 5 33.33333333 -13.27683616 5 33.33333333 -12.99435028 5 33.33333333 -12.71186441 5 33.33333333 -12.42937853 5 33.33333333 -12.14689266 5 33.33333333 -11.86440678 5 33.33333333 -11.5819209 5 33.33333333 -11.29943503 5 33.33333333 -11.01694915 5 33.33333333 -10.73446328 5 33.33333333 -10.4519774 5 33.33333333 -10.16949153 5 33.33333333 -9.88700565 5 33.33333333 -9.60451977 5 33.33333333 -9.3220339 5 33.33333333 -9.03954802 5 33.33333333 -8.75706215 5 33.33333333 -8.47457627 5 33.33333333 -8.1920904 5 33.33333333 -7.90960452 5 33.33333333 -7.62711864 5 33.33333333 -7.34463277 5 33.33333333 -7.06214689 5 33.33333333 -6.77966102 5 33.33333333 -6.49717514 5 33.33333333 -6.21468927 5 33.33333333 -5.93220339 5 33.33333333 -5.64971751 5 33.33333333 -5.36723164 5 33.33333333 -5.08474576 5 33.33333333 -4.80225989 5 33.33333333 -4.51977401 5 33.33333333 -4.23728814 5 33.33333333 -3.95480226 5 33.33333333 -3.67231638 5 33.33333333 -3.38983051 5 33.33333333 -3.10734463 5 33.33333333 -2.82485876 5 33.33333333 -2.54237288 5 33.33333333 -2.25988701 5 33.33333333 -1.97740113 5 33.33333333 -1.69491525 5 33.33333333 -1.41242938 5 33.33333333 -1.1299435 5 33.33333333 -0.84745763 5 33.33333333 -0.56497175 5 33.33333333 -0.28248588 5 25.14124294 16.66666667 5 17.23163842 33.33333333 5 16.94915254 33.33333333 5 17.51412429 33.33333333 5 17.79661017 33.33333333 5 18.07909605 33.33333333 5 18.36158192 33.33333333 5 18.6440678 33.33333333 5 18.92655367 33.33333333 5 19.20903955 33.33333333 5 19.49152542 33.33333333 5 19.7740113 33.33333333 5 20.05649718 33.33333333 5 20.33898305 33.33333333 5 20.62146893 33.33333333 5 20.9039548 33.33333333 5 21.18644068 33.33333333 5 21.46892655 33.33333333 5 21.75141243 33.33333333 5 22.03389831 33.33333333 5 22.31638418 33.33333333 5 22.59887006 33.33333333 5 22.88135593 33.33333333 5 23.16384181 33.33333333 5 23.44632768 33.33333333 5 23.72881356 33.33333333 5 24.01129944 33.33333333 5 24.29378531 33.33333333 5 24.57627119 33.33333333 5 24.85875706 33.33333333 5 25.14124294 33.33333333 5 25.42372881 33.33333333 5 25.70621469 33.33333333 5 25.98870056 33.33333333 5 26.27118644 33.33333333 5 26.55367232 33.33333333 5 26.83615819 33.33333333 5 27.11864407 33.33333333 5 27.40112994 33.33333333 5 27.68361582 33.33333333 5 27.96610169 33.33333333 5 28.24858757 33.33333333 5 28.53107345 33.33333333 5 28.81355932 33.33333333 5 29.0960452 33.33333333 5 29.37853107 33.33333333 5 29.66101695 33.33333333 5 29.94350282 33.33333333 5 30.2259887 33.33333333 5 30.50847458 33.33333333 5 30.79096045 33.33333333 5 31.07344633 33.33333333 5 31.3559322 33.33333333 5 31.63841808 33.33333333 5 31.92090395 33.33333333 5 32.20338983 33.33333333 5 32.48587571 33.33333333 5 32.76836158 33.33333333 5 33.05084746 33.33333333 5 33.33333333 33.33333333 5 16.94915254 0.28248588 5 33.33333333 0.28248588 5 16.94915254 0.56497175 5 33.33333333 0.56497175 5 16.94915254 0.84745763 5 33.33333333 0.84745763 5 16.94915254 1.1299435 5 33.33333333 1.1299435 5 16.94915254 1.41242938 5 33.33333333 1.41242938 5 16.94915254 1.69491525 5 33.33333333 1.69491525 5 16.94915254 1.97740113 5 33.33333333 1.97740113 5 16.94915254 2.25988701 5 33.33333333 2.25988701 5 16.94915254 2.54237288 5 33.33333333 2.54237288 5 16.94915254 2.82485876 5 33.33333333 2.82485876 5 16.94915254 3.10734463 5 33.33333333 3.10734463 5 16.94915254 3.38983051 5 33.33333333 3.38983051 5 16.94915254 3.67231638 5 33.33333333 3.67231638 5 16.94915254 3.95480226 5 33.33333333 3.95480226 5 16.94915254 4.23728814 5 33.33333333 4.23728814 5 16.94915254 4.51977401 5 33.33333333 4.51977401 5 16.94915254 4.80225989 5 33.33333333 4.80225989 5 16.94915254 5.08474576 5 33.33333333 5.08474576 5 16.94915254 5.36723164 5 33.33333333 5.36723164 5 16.94915254 5.64971751 5 33.33333333 5.64971751 5 16.94915254 5.93220339 5 33.33333333 5.93220339 5 16.94915254 6.21468927 5 33.33333333 6.21468927 5 16.94915254 6.49717514 5 33.33333333 6.49717514 5 16.94915254 6.77966102 5 33.33333333 6.77966102 5 16.94915254 7.06214689 5 33.33333333 7.06214689 5 16.94915254 7.34463277 5 33.33333333 7.34463277 5 16.94915254 7.62711864 5 33.33333333 7.62711864 5 16.94915254 7.90960452 5 33.33333333 7.90960452 5 16.94915254 8.1920904 5 33.33333333 8.1920904 5 16.94915254 8.47457627 5 33.33333333 8.47457627 5 16.94915254 8.75706215 5 33.33333333 8.75706215 5 16.94915254 9.03954802 5 33.33333333 9.03954802 5 16.94915254 9.3220339 5 33.33333333 9.3220339 5 16.94915254 9.60451977 5 33.33333333 9.60451977 5 16.94915254 9.88700565 5 33.33333333 9.88700565 5 16.94915254 10.16949153 5 33.33333333 10.16949153 5 16.94915254 10.4519774 5 33.33333333 10.4519774 5 16.94915254 10.73446328 5 33.33333333 10.73446328 5 16.94915254 11.01694915 5 33.33333333 11.01694915 5 16.94915254 11.29943503 5 33.33333333 11.29943503 5 16.94915254 11.5819209 5 33.33333333 11.5819209 5 16.94915254 11.86440678 5 33.33333333 11.86440678 5 16.94915254 12.14689266 5 33.33333333 12.14689266 5 16.94915254 12.42937853 5 33.33333333 12.42937853 5 16.94915254 12.71186441 5 33.33333333 12.71186441 5 16.94915254 12.99435028 5 33.33333333 12.99435028 5 16.94915254 13.27683616 5 33.33333333 13.27683616 5 16.94915254 13.55932203 5 33.33333333 13.55932203 5 16.94915254 13.84180791 5 33.33333333 13.84180791 5 16.94915254 14.12429379 5 33.33333333 14.12429379 5 16.94915254 14.40677966 5 33.33333333 14.40677966 5 16.94915254 14.68926554 5 33.33333333 14.68926554 5 16.94915254 14.97175141 5 33.33333333 14.97175141 5 16.94915254 15.25423729 5 33.33333333 15.25423729 5 16.94915254 15.53672316 5 33.33333333 15.53672316 5 16.94915254 15.81920904 5 33.33333333 15.81920904 5 16.94915254 16.10169492 5 33.33333333 16.10169492 5 16.94915254 16.38418079 5 33.33333333 16.38418079 5 16.94915254 16.66666667 5 33.33333333 16.66666667 5 16.94915254 16.94915254 5 33.33333333 16.94915254 5 16.94915254 17.23163842 5 33.33333333 17.23163842 5 16.94915254 17.51412429 5 33.33333333 17.51412429 5 16.94915254 17.79661017 5 33.33333333 17.79661017 5 16.94915254 18.07909605 5 33.33333333 18.07909605 5 16.94915254 18.36158192 5 33.33333333 18.36158192 5 16.94915254 18.6440678 5 33.33333333 18.6440678 5 16.94915254 18.92655367 5 33.33333333 18.92655367 5 16.94915254 19.20903955 5 33.33333333 19.20903955 5 16.94915254 19.49152542 5 33.33333333 19.49152542 5 16.94915254 19.7740113 5 33.33333333 19.7740113 5 16.94915254 20.05649718 5 33.33333333 20.05649718 5 16.94915254 20.33898305 5 33.33333333 20.33898305 5 16.94915254 20.62146893 5 33.33333333 20.62146893 5 16.94915254 20.9039548 5 33.33333333 20.9039548 5 16.94915254 21.18644068 5 33.33333333 21.18644068 5 16.94915254 21.46892655 5 33.33333333 21.46892655 5 16.94915254 21.75141243 5 33.33333333 21.75141243 5 16.94915254 22.03389831 5 33.33333333 22.03389831 5 16.94915254 22.31638418 5 33.33333333 22.31638418 5 16.94915254 22.59887006 5 33.33333333 22.59887006 5 16.94915254 22.88135593 5 33.33333333 22.88135593 5 16.94915254 23.16384181 5 33.33333333 23.16384181 5 16.94915254 23.44632768 5 33.33333333 23.44632768 5 16.94915254 23.72881356 5 33.33333333 23.72881356 5 16.94915254 24.01129944 5 33.33333333 24.01129944 5 16.94915254 24.29378531 5 33.33333333 24.29378531 5 16.94915254 24.57627119 5 33.33333333 24.57627119 5 16.94915254 24.85875706 5 33.33333333 24.85875706 5 16.94915254 25.14124294 5 33.33333333 25.14124294 5 16.94915254 25.42372881 5 33.33333333 25.42372881 5 16.94915254 25.70621469 5 33.33333333 25.70621469 5 16.94915254 25.98870056 5 33.33333333 25.98870056 5 16.94915254 26.27118644 5 33.33333333 26.27118644 5 16.94915254 26.55367232 5 33.33333333 26.55367232 5 16.94915254 26.83615819 5 33.33333333 26.83615819 5 16.94915254 27.11864407 5 33.33333333 27.11864407 5 16.94915254 27.40112994 5 33.33333333 27.40112994 5 16.94915254 27.68361582 5 33.33333333 27.68361582 5 16.94915254 27.96610169 5 33.33333333 27.96610169 5 16.94915254 28.24858757 5 33.33333333 28.24858757 5 16.94915254 28.53107345 5 33.33333333 28.53107345 5 16.94915254 28.81355932 5 33.33333333 28.81355932 5 16.94915254 29.0960452 5 33.33333333 29.0960452 5 16.94915254 29.37853107 5 33.33333333 29.37853107 5 16.94915254 29.66101695 5 33.33333333 29.66101695 5 16.94915254 29.94350282 5 33.33333333 29.94350282 5 16.94915254 30.2259887 5 33.33333333 30.2259887 5 16.94915254 30.50847458 5 33.33333333 30.50847458 5 16.94915254 30.79096045 5 33.33333333 30.79096045 5 16.94915254 31.07344633 5 33.33333333 31.07344633 5 16.94915254 31.3559322 5 33.33333333 31.3559322 5 16.94915254 31.63841808 5 33.33333333 31.63841808 5 16.94915254 31.92090395 5 33.33333333 31.92090395 5 16.94915254 32.20338983 5 33.33333333 32.20338983 5 16.94915254 32.48587571 5 33.33333333 32.48587571 5 16.94915254 32.76836158 5 33.33333333 32.76836158 5 16.94915254 33.05084746 5 33.33333333 33.05084746 5 -16.38418079 0.28248588 5 -16.10169492 0.28248588 5 -8.1920904 8.47457627 5 -16.10169492 16.66666667 5 -16.38418079 16.66666667 5 -15.81920904 0.28248588 5 -15.81920904 16.66666667 5 -15.53672316 0.28248588 5 -15.53672316 16.66666667 5 -15.25423729 0.28248588 5 -15.25423729 16.66666667 5 -14.97175141 0.28248588 5 -14.97175141 16.66666667 5 -14.68926554 0.28248588 5 -14.68926554 16.66666667 5 -14.40677966 0.28248588 5 -14.40677966 16.66666667 5 -14.12429379 0.28248588 5 -14.12429379 16.66666667 5 -13.84180791 0.28248588 5 -13.84180791 16.66666667 5 -13.55932203 0.28248588 5 -13.55932203 16.66666667 5 -13.27683616 0.28248588 5 -13.27683616 16.66666667 5 -12.99435028 0.28248588 5 -12.99435028 16.66666667 5 -12.71186441 0.28248588 5 -12.71186441 16.66666667 5 -12.42937853 0.28248588 5 -12.42937853 16.66666667 5 -12.14689266 0.28248588 5 -12.14689266 16.66666667 5 -11.86440678 0.28248588 5 -11.86440678 16.66666667 5 -11.5819209 0.28248588 5 -11.5819209 16.66666667 5 -11.29943503 0.28248588 5 -11.29943503 16.66666667 5 -11.01694915 0.28248588 5 -11.01694915 16.66666667 5 -10.73446328 0.28248588 5 -10.73446328 16.66666667 5 -10.4519774 0.28248588 5 -10.4519774 16.66666667 5 -10.16949153 0.28248588 5 -10.16949153 16.66666667 5 -9.88700565 0.28248588 5 -9.88700565 16.66666667 5 -9.60451977 0.28248588 5 -9.60451977 16.66666667 5 -9.3220339 0.28248588 5 -9.3220339 16.66666667 5 -9.03954802 0.28248588 5 -9.03954802 16.66666667 5 -8.75706215 0.28248588 5 -8.75706215 16.66666667 5 -8.47457627 0.28248588 5 -8.47457627 16.66666667 5 -8.1920904 0.28248588 5 -8.1920904 16.66666667 5 -7.90960452 0.28248588 5 -7.90960452 16.66666667 5 -7.62711864 0.28248588 5 -7.62711864 16.66666667 5 -7.34463277 0.28248588 5 -7.34463277 16.66666667 5 -7.06214689 0.28248588 5 -7.06214689 16.66666667 5 -6.77966102 0.28248588 5 -6.77966102 16.66666667 5 -6.49717514 0.28248588 5 -6.49717514 16.66666667 5 -6.21468927 0.28248588 5 -6.21468927 16.66666667 5 -5.93220339 0.28248588 5 -5.93220339 16.66666667 5 -5.64971751 0.28248588 5 -5.64971751 16.66666667 5 -5.36723164 0.28248588 5 -5.36723164 16.66666667 5 -5.08474576 0.28248588 5 -5.08474576 16.66666667 5 -4.80225989 0.28248588 5 -4.80225989 16.66666667 5 -4.51977401 0.28248588 5 -4.51977401 16.66666667 5 -4.23728814 0.28248588 5 -4.23728814 16.66666667 5 -3.95480226 0.28248588 5 -3.95480226 16.66666667 5 -3.67231638 0.28248588 5 -3.67231638 16.66666667 5 -3.38983051 0.28248588 5 -3.38983051 16.66666667 5 -3.10734463 0.28248588 5 -3.10734463 16.66666667 5 -2.82485876 0.28248588 5 -2.82485876 16.66666667 5 -2.54237288 0.28248588 5 -2.54237288 16.66666667 5 -2.25988701 0.28248588 5 -2.25988701 16.66666667 5 -1.97740113 0.28248588 5 -1.97740113 16.66666667 5 -1.69491525 0.28248588 5 -1.69491525 16.66666667 5 -1.41242938 0.28248588 5 -1.41242938 16.66666667 5 -1.1299435 0.28248588 5 -1.1299435 16.66666667 5 -0.84745763 0.28248588 5 -0.84745763 16.66666667 5 -0.56497175 0.28248588 5 -0.56497175 16.66666667 5 -0.28248588 0.28248588 5 -0.28248588 16.66666667 5 0 0.28248588 5 0 16.66666667 5 -16.38418079 0.56497175 5 0 0.56497175 5 -16.38418079 0.84745763 5 0 0.84745763 5 -16.38418079 1.1299435 5 0 1.1299435 5 -16.38418079 1.41242938 5 0 1.41242938 5 -16.38418079 1.69491525 5 0 1.69491525 5 -16.38418079 1.97740113 5 0 1.97740113 5 -16.38418079 2.25988701 5 0 2.25988701 5 -16.38418079 2.54237288 5 0 2.54237288 5 -16.38418079 2.82485876 5 0 2.82485876 5 -16.38418079 3.10734463 5 0 3.10734463 5 -16.38418079 3.38983051 5 0 3.38983051 5 -16.38418079 3.67231638 5 0 3.67231638 5 -16.38418079 3.95480226 5 0 3.95480226 5 -16.38418079 4.23728814 5 0 4.23728814 5 -16.38418079 4.51977401 5 0 4.51977401 5 -16.38418079 4.80225989 5 0 4.80225989 5 -16.38418079 5.08474576 5 0 5.08474576 5 -16.38418079 5.36723164 5 0 5.36723164 5 -16.38418079 5.64971751 5 0 5.64971751 5 -16.38418079 5.93220339 5 0 5.93220339 5 -16.38418079 6.21468927 5 0 6.21468927 5 -16.38418079 6.49717514 5 0 6.49717514 5 -16.38418079 6.77966102 5 0 6.77966102 5 -16.38418079 7.06214689 5 0 7.06214689 5 -16.38418079 7.34463277 5 0 7.34463277 5 -16.38418079 7.62711864 5 0 7.62711864 5 -16.38418079 7.90960452 5 0 7.90960452 5 -16.38418079 8.1920904 5 0 8.1920904 5 -16.38418079 8.47457627 5 0 8.47457627 5 -16.38418079 8.75706215 5 0 8.75706215 5 -16.38418079 9.03954802 5 0 9.03954802 5 -16.38418079 9.3220339 5 0 9.3220339 5 -16.38418079 9.60451977 5 0 9.60451977 5 -16.38418079 9.88700565 5 0 9.88700565 5 -16.38418079 10.16949153 5 0 10.16949153 5 -16.38418079 10.4519774 5 0 10.4519774 5 -16.38418079 10.73446328 5 0 10.73446328 5 -16.38418079 11.01694915 5 0 11.01694915 5 -16.38418079 11.29943503 5 0 11.29943503 5 -16.38418079 11.5819209 5 0 11.5819209 5 -16.38418079 11.86440678 5 0 11.86440678 5 -16.38418079 12.14689266 5 0 12.14689266 5 -16.38418079 12.42937853 5 0 12.42937853 5 -16.38418079 12.71186441 5 0 12.71186441 5 -16.38418079 12.99435028 5 0 12.99435028 5 -16.38418079 13.27683616 5 0 13.27683616 5 -16.38418079 13.55932203 5 0 13.55932203 5 -16.38418079 13.84180791 5 0 13.84180791 5 -16.38418079 14.12429379 5 0 14.12429379 5 -16.38418079 14.40677966 5 0 14.40677966 5 -16.38418079 14.68926554 5 0 14.68926554 5 -16.38418079 14.97175141 5 0 14.97175141 5 -16.38418079 15.25423729 5 0 15.25423729 5 -16.38418079 15.53672316 5 0 15.53672316 5 -16.38418079 15.81920904 5 0 15.81920904 5 -16.38418079 16.10169492 5 0 16.10169492 5 -16.38418079 16.38418079 5 0 16.38418079 5 -33.05084746 16.94915254 5 -32.76836158 16.94915254 5 -24.85875706 25.14124294 5 -32.76836158 33.33333333 5 -33.05084746 33.33333333 5 -32.48587571 16.94915254 5 -32.48587571 33.33333333 5 -32.20338983 16.94915254 5 -32.20338983 33.33333333 5 -31.92090395 16.94915254 5 -31.92090395 33.33333333 5 -31.63841808 16.94915254 5 -31.63841808 33.33333333 5 -31.3559322 16.94915254 5 -31.3559322 33.33333333 5 -31.07344633 16.94915254 5 -31.07344633 33.33333333 5 -30.79096045 16.94915254 5 -30.79096045 33.33333333 5 -30.50847458 16.94915254 5 -30.50847458 33.33333333 5 -30.2259887 16.94915254 5 -30.2259887 33.33333333 5 -29.94350282 16.94915254 5 -29.94350282 33.33333333 5 -29.66101695 16.94915254 5 -29.66101695 33.33333333 5 -29.37853107 16.94915254 5 -29.37853107 33.33333333 5 -29.0960452 16.94915254 5 -29.0960452 33.33333333 5 -28.81355932 16.94915254 5 -28.81355932 33.33333333 5 -28.53107345 16.94915254 5 -28.53107345 33.33333333 5 -28.24858757 16.94915254 5 -28.24858757 33.33333333 5 -27.96610169 16.94915254 5 -27.96610169 33.33333333 5 -27.68361582 16.94915254 5 -27.68361582 33.33333333 5 -27.40112994 16.94915254 5 -27.40112994 33.33333333 5 -27.11864407 16.94915254 5 -27.11864407 33.33333333 5 -26.83615819 16.94915254 5 -26.83615819 33.33333333 5 -26.55367232 16.94915254 5 -26.55367232 33.33333333 5 -26.27118644 16.94915254 5 -26.27118644 33.33333333 5 -25.98870056 16.94915254 5 -25.98870056 33.33333333 5 -25.70621469 16.94915254 5 -25.70621469 33.33333333 5 -25.42372881 16.94915254 5 -25.42372881 33.33333333 5 -25.14124294 16.94915254 5 -25.14124294 33.33333333 5 -24.85875706 16.94915254 5 -24.85875706 33.33333333 5 -24.57627119 16.94915254 5 -24.57627119 33.33333333 5 -24.29378531 16.94915254 5 -24.29378531 33.33333333 5 -24.01129944 16.94915254 5 -24.01129944 33.33333333 5 -23.72881356 16.94915254 5 -23.72881356 33.33333333 5 -23.44632768 16.94915254 5 -23.44632768 33.33333333 5 -23.16384181 16.94915254 5 -23.16384181 33.33333333 5 -22.88135593 16.94915254 5 -22.88135593 33.33333333 5 -22.59887006 16.94915254 5 -22.59887006 33.33333333 5 -22.31638418 16.94915254 5 -22.31638418 33.33333333 5 -22.03389831 16.94915254 5 -22.03389831 33.33333333 5 -21.75141243 16.94915254 5 -21.75141243 33.33333333 5 -21.46892655 16.94915254 5 -21.46892655 33.33333333 5 -21.18644068 16.94915254 5 -21.18644068 33.33333333 5 -20.9039548 16.94915254 5 -20.9039548 33.33333333 5 -20.62146893 16.94915254 5 -20.62146893 33.33333333 5 -20.33898305 16.94915254 5 -20.33898305 33.33333333 5 -20.05649718 16.94915254 5 -20.05649718 33.33333333 5 -19.7740113 16.94915254 5 -19.7740113 33.33333333 5 -19.49152542 16.94915254 5 -19.49152542 33.33333333 5 -19.20903955 16.94915254 5 -19.20903955 33.33333333 5 -18.92655367 16.94915254 5 -18.92655367 33.33333333 5 -18.6440678 16.94915254 5 -18.6440678 33.33333333 5 -18.36158192 16.94915254 5 -18.36158192 33.33333333 5 -18.07909605 16.94915254 5 -18.07909605 33.33333333 5 -17.79661017 16.94915254 5 -17.79661017 33.33333333 5 -17.51412429 16.94915254 5 -17.51412429 33.33333333 5 -17.23163842 16.94915254 5 -17.23163842 33.33333333 5 -16.94915254 16.94915254 5 -16.94915254 33.33333333 5 -16.66666667 16.94915254 5 -16.66666667 33.33333333 5 -33.05084746 17.23163842 5 -16.66666667 17.23163842 5 -33.05084746 17.51412429 5 -16.66666667 17.51412429 5 -33.05084746 17.79661017 5 -16.66666667 17.79661017 5 -33.05084746 18.07909605 5 -16.66666667 18.07909605 5 -33.05084746 18.36158192 5 -16.66666667 18.36158192 5 -33.05084746 18.6440678 5 -16.66666667 18.6440678 5 -33.05084746 18.92655367 5 -16.66666667 18.92655367 5 -33.05084746 19.20903955 5 -16.66666667 19.20903955 5 -33.05084746 19.49152542 5 -16.66666667 19.49152542 5 -33.05084746 19.7740113 5 -16.66666667 19.7740113 5 -33.05084746 20.05649718 5 -16.66666667 20.05649718 5 -33.05084746 20.33898305 5 -16.66666667 20.33898305 5 -33.05084746 20.62146893 5 -16.66666667 20.62146893 5 -33.05084746 20.9039548 5 -16.66666667 20.9039548 5 -33.05084746 21.18644068 5 -16.66666667 21.18644068 5 -33.05084746 21.46892655 5 -16.66666667 21.46892655 5 -33.05084746 21.75141243 5 -16.66666667 21.75141243 5 -33.05084746 22.03389831 5 -16.66666667 22.03389831 5 -33.05084746 22.31638418 5 -16.66666667 22.31638418 5 -33.05084746 22.59887006 5 -16.66666667 22.59887006 5 -33.05084746 22.88135593 5 -16.66666667 22.88135593 5 -33.05084746 23.16384181 5 -16.66666667 23.16384181 5 -33.05084746 23.44632768 5 -16.66666667 23.44632768 5 -33.05084746 23.72881356 5 -16.66666667 23.72881356 5 -33.05084746 24.01129944 5 -16.66666667 24.01129944 5 -33.05084746 24.29378531 5 -16.66666667 24.29378531 5 -33.05084746 24.57627119 5 -16.66666667 24.57627119 5 -33.05084746 24.85875706 5 -16.66666667 24.85875706 5 -33.05084746 25.14124294 5 -16.66666667 25.14124294 5 -33.05084746 25.42372881 5 -16.66666667 25.42372881 5 -33.05084746 25.70621469 5 -16.66666667 25.70621469 5 -33.05084746 25.98870056 5 -16.66666667 25.98870056 5 -33.05084746 26.27118644 5 -16.66666667 26.27118644 5 -33.05084746 26.55367232 5 -16.66666667 26.55367232 5 -33.05084746 26.83615819 5 -16.66666667 26.83615819 5 -33.05084746 27.11864407 5 -16.66666667 27.11864407 5 -33.05084746 27.40112994 5 -16.66666667 27.40112994 5 -33.05084746 27.68361582 5 -16.66666667 27.68361582 5 -33.05084746 27.96610169 5 -16.66666667 27.96610169 5 -33.05084746 28.24858757 5 -16.66666667 28.24858757 5 -33.05084746 28.53107345 5 -16.66666667 28.53107345 5 -33.05084746 28.81355932 5 -16.66666667 28.81355932 5 -33.05084746 29.0960452 5 -16.66666667 29.0960452 5 -33.05084746 29.37853107 5 -16.66666667 29.37853107 5 -33.05084746 29.66101695 5 -16.66666667 29.66101695 5 -33.05084746 29.94350282 5 -16.66666667 29.94350282 5 -33.05084746 30.2259887 5 -16.66666667 30.2259887 5 -33.05084746 30.50847458 5 -16.66666667 30.50847458 5 -33.05084746 30.79096045 5 -16.66666667 30.79096045 5 -33.05084746 31.07344633 5 -16.66666667 31.07344633 5 -33.05084746 31.3559322 5 -16.66666667 31.3559322 5 -33.05084746 31.63841808 5 -16.66666667 31.63841808 5 -33.05084746 31.92090395 5 -16.66666667 31.92090395 5 -33.05084746 32.20338983 5 -16.66666667 32.20338983 5 -33.05084746 32.48587571 5 -16.66666667 32.48587571 5 -33.05084746 32.76836158 5 -16.66666667 32.76836158 5 -33.05084746 33.05084746 5 -16.66666667 33.05084746 5 0.28248588 16.94915254 5 0.56497175 16.94915254 5 8.61581921 25.14124294 5 0.56497175 33.33333333 5 0.28248588 33.33333333 5 0.84745763 16.94915254 5 0.84745763 33.33333333 5 1.1299435 16.94915254 5 1.1299435 33.33333333 5 1.41242938 16.94915254 5 1.41242938 33.33333333 5 1.69491525 16.94915254 5 1.69491525 33.33333333 5 1.97740113 16.94915254 5 1.97740113 33.33333333 5 2.25988701 16.94915254 5 2.25988701 33.33333333 5 2.54237288 16.94915254 5 2.54237288 33.33333333 5 2.82485876 16.94915254 5 2.82485876 33.33333333 5 3.10734463 16.94915254 5 3.10734463 33.33333333 5 3.38983051 16.94915254 5 3.38983051 33.33333333 5 3.67231638 16.94915254 5 3.67231638 33.33333333 5 3.95480226 16.94915254 5 3.95480226 33.33333333 5 4.23728814 16.94915254 5 4.23728814 33.33333333 5 4.51977401 16.94915254 5 4.51977401 33.33333333 5 4.80225989 16.94915254 5 4.80225989 33.33333333 5 5.08474576 16.94915254 5 5.08474576 33.33333333 5 5.36723164 16.94915254 5 5.36723164 33.33333333 5 5.64971751 16.94915254 5 5.64971751 33.33333333 5 5.93220339 16.94915254 5 5.93220339 33.33333333 5 6.21468927 16.94915254 5 6.21468927 33.33333333 5 6.49717514 16.94915254 5 6.49717514 33.33333333 5 6.77966102 16.94915254 5 6.77966102 33.33333333 5 7.06214689 16.94915254 5 7.06214689 33.33333333 5 7.34463277 16.94915254 5 7.34463277 33.33333333 5 7.62711864 16.94915254 5 7.62711864 33.33333333 5 7.90960452 16.94915254 5 7.90960452 33.33333333 5 8.1920904 16.94915254 5 8.1920904 33.33333333 5 8.47457627 16.94915254 5 8.47457627 33.33333333 5 8.75706215 16.94915254 5 8.75706215 33.33333333 5 9.03954802 16.94915254 5 9.03954802 33.33333333 5 9.3220339 16.94915254 5 9.3220339 33.33333333 5 9.60451977 16.94915254 5 9.60451977 33.33333333 5 9.88700565 16.94915254 5 9.88700565 33.33333333 5 10.16949153 16.94915254 5 10.16949153 33.33333333 5 10.4519774 16.94915254 5 10.4519774 33.33333333 5 10.73446328 16.94915254 5 10.73446328 33.33333333 5 11.01694915 16.94915254 5 11.01694915 33.33333333 5 11.29943503 16.94915254 5 11.29943503 33.33333333 5 11.5819209 16.94915254 5 11.5819209 33.33333333 5 11.86440678 16.94915254 5 11.86440678 33.33333333 5 12.14689266 16.94915254 5 12.14689266 33.33333333 5 12.42937853 16.94915254 5 12.42937853 33.33333333 5 12.71186441 16.94915254 5 12.71186441 33.33333333 5 12.99435028 16.94915254 5 12.99435028 33.33333333 5 13.27683616 16.94915254 5 13.27683616 33.33333333 5 13.55932203 16.94915254 5 13.55932203 33.33333333 5 13.84180791 16.94915254 5 13.84180791 33.33333333 5 14.12429379 16.94915254 5 14.12429379 33.33333333 5 14.40677966 16.94915254 5 14.40677966 33.33333333 5 14.68926554 16.94915254 5 14.68926554 33.33333333 5 14.97175141 16.94915254 5 14.97175141 33.33333333 5 15.25423729 16.94915254 5 15.25423729 33.33333333 5 15.53672316 16.94915254 5 15.53672316 33.33333333 5 15.81920904 16.94915254 5 15.81920904 33.33333333 5 16.10169492 16.94915254 5 16.10169492 33.33333333 5 16.38418079 16.94915254 5 16.38418079 33.33333333 5 16.66666667 16.94915254 5 16.66666667 33.33333333 5 0.28248588 17.23163842 5 0.28248588 17.51412429 5 0.28248588 17.79661017 5 0.28248588 18.07909605 5 0.28248588 18.36158192 5 0.28248588 18.6440678 5 0.28248588 18.92655367 5 0.28248588 19.20903955 5 0.28248588 19.49152542 5 0.28248588 19.7740113 5 0.28248588 20.05649718 5 0.28248588 20.33898305 5 0.28248588 20.62146893 5 0.28248588 20.9039548 5 0.28248588 21.18644068 5 0.28248588 21.46892655 5 0.28248588 21.75141243 5 0.28248588 22.03389831 5 0.28248588 22.31638418 5 0.28248588 22.59887006 5 0.28248588 22.88135593 5 0.28248588 23.16384181 5 0.28248588 23.44632768 5 0.28248588 23.72881356 5 0.28248588 24.01129944 5 0.28248588 24.29378531 5 0.28248588 24.57627119 5 0.28248588 24.85875706 5 0.28248588 25.14124294 5 0.28248588 25.42372881 5 0.28248588 25.70621469 5 0.28248588 25.98870056 5 0.28248588 26.27118644 5 0.28248588 26.55367232 5 0.28248588 26.83615819 5 0.28248588 27.11864407 5 0.28248588 27.40112994 5 0.28248588 27.68361582 5 0.28248588 27.96610169 5 0.28248588 28.24858757 5 0.28248588 28.53107345 5 0.28248588 28.81355932 5 0.28248588 29.0960452 5 0.28248588 29.37853107 5 0.28248588 29.66101695 5 0.28248588 29.94350282 5 0.28248588 30.2259887 5 0.28248588 30.50847458 5 0.28248588 30.79096045 5 0.28248588 31.07344633 5 0.28248588 31.3559322 5 0.28248588 31.63841808 5 0.28248588 31.92090395 5 0.28248588 32.20338983 5 0.28248588 32.48587571 5 0.28248588 32.76836158 5 0.28248588 33.05084746 5 0 -33.33333333 -5 0 -33.05084746 -5 0.28248588 -33.33333333 -5 0.56497175 -33.33333333 -5 0.84745763 -33.33333333 -5 1.1299435 -33.33333333 -5 1.41242938 -33.33333333 -5 1.69491525 -33.33333333 -5 1.97740113 -33.33333333 -5 2.25988701 -33.33333333 -5 2.54237288 -33.33333333 -5 2.82485876 -33.33333333 -5 3.10734463 -33.33333333 -5 3.38983051 -33.33333333 -5 3.67231638 -33.33333333 -5 3.95480226 -33.33333333 -5 4.23728814 -33.33333333 -5 4.51977401 -33.33333333 -5 4.80225989 -33.33333333 -5 5.08474576 -33.33333333 -5 5.36723164 -33.33333333 -5 5.64971751 -33.33333333 -5 5.93220339 -33.33333333 -5 6.21468927 -33.33333333 -5 6.49717514 -33.33333333 -5 6.77966102 -33.33333333 -5 7.06214689 -33.33333333 -5 7.34463277 -33.33333333 -5 7.62711864 -33.33333333 -5 7.90960452 -33.33333333 -5 8.1920904 -33.33333333 -5 8.47457627 -33.33333333 -5 8.75706215 -33.33333333 -5 9.03954802 -33.33333333 -5 9.3220339 -33.33333333 -5 9.60451977 -33.33333333 -5 9.88700565 -33.33333333 -5 10.16949153 -33.33333333 -5 10.4519774 -33.33333333 -5 10.73446328 -33.33333333 -5 11.01694915 -33.33333333 -5 11.29943503 -33.33333333 -5 11.5819209 -33.33333333 -5 11.86440678 -33.33333333 -5 12.14689266 -33.33333333 -5 12.42937853 -33.33333333 -5 12.71186441 -33.33333333 -5 12.99435028 -33.33333333 -5 13.27683616 -33.33333333 -5 13.55932203 -33.33333333 -5 13.84180791 -33.33333333 -5 14.12429379 -33.33333333 -5 14.40677966 -33.33333333 -5 14.68926554 -33.33333333 -5 14.97175141 -33.33333333 -5 15.25423729 -33.33333333 -5 15.53672316 -33.33333333 -5 15.81920904 -33.33333333 -5 16.10169492 -33.33333333 -5 16.38418079 -33.33333333 -5 16.66666667 -33.33333333 -5 16.94915254 -33.05084746 -5 0 -32.76836158 -5 16.94915254 -32.76836158 -5 0 -32.48587571 -5 16.94915254 -32.48587571 -5 0 -32.20338983 -5 16.94915254 -32.20338983 -5 0 -31.92090395 -5 16.94915254 -31.92090395 -5 0 -31.63841808 -5 16.94915254 -31.63841808 -5 0 -31.3559322 -5 16.94915254 -31.3559322 -5 0 -31.07344633 -5 16.94915254 -31.07344633 -5 0 -30.79096045 -5 16.94915254 -30.79096045 -5 0 -30.50847458 -5 16.94915254 -30.50847458 -5 0 -30.2259887 -5 16.94915254 -30.2259887 -5 0 -29.94350282 -5 16.94915254 -29.94350282 -5 0 -29.66101695 -5 16.94915254 -29.66101695 -5 0 -29.37853107 -5 16.94915254 -29.37853107 -5 0 -29.0960452 -5 16.94915254 -29.0960452 -5 0 -28.81355932 -5 16.94915254 -28.81355932 -5 0 -28.53107345 -5 16.94915254 -28.53107345 -5 0 -28.24858757 -5 16.94915254 -28.24858757 -5 0 -27.96610169 -5 16.94915254 -27.96610169 -5 0 -27.68361582 -5 16.94915254 -27.68361582 -5 0 -27.40112994 -5 16.94915254 -27.40112994 -5 0 -27.11864407 -5 16.94915254 -27.11864407 -5 0 -26.83615819 -5 16.94915254 -26.83615819 -5 0 -26.55367232 -5 16.94915254 -26.55367232 -5 0 -26.27118644 -5 16.94915254 -26.27118644 -5 0 -25.98870056 -5 16.94915254 -25.98870056 -5 0 -25.70621469 -5 16.94915254 -25.70621469 -5 0 -25.42372881 -5 16.94915254 -25.42372881 -5 0 -25.14124294 -5 16.94915254 -25.14124294 -5 0 -24.85875706 -5 16.94915254 -24.85875706 -5 0 -24.57627119 -5 16.94915254 -24.57627119 -5 0 -24.29378531 -5 16.94915254 -24.29378531 -5 0 -24.01129944 -5 16.94915254 -24.01129944 -5 0 -23.72881356 -5 16.94915254 -23.72881356 -5 0 -23.44632768 -5 16.94915254 -23.44632768 -5 0 -23.16384181 -5 16.94915254 -23.16384181 -5 0 -22.88135593 -5 16.94915254 -22.88135593 -5 0 -22.59887006 -5 16.94915254 -22.59887006 -5 0 -22.31638418 -5 16.94915254 -22.31638418 -5 0 -22.03389831 -5 16.94915254 -22.03389831 -5 0 -21.75141243 -5 16.94915254 -21.75141243 -5 0 -21.46892655 -5 16.94915254 -21.46892655 -5 0 -21.18644068 -5 16.94915254 -21.18644068 -5 0 -20.9039548 -5 16.94915254 -20.9039548 -5 0 -20.62146893 -5 16.94915254 -20.62146893 -5 0 -20.33898305 -5 16.94915254 -20.33898305 -5 0 -20.05649718 -5 16.94915254 -20.05649718 -5 0 -19.7740113 -5 16.94915254 -19.7740113 -5 0 -19.49152542 -5 16.94915254 -19.49152542 -5 0 -19.20903955 -5 16.94915254 -19.20903955 -5 0 -18.92655367 -5 16.94915254 -18.92655367 -5 0 -18.6440678 -5 16.94915254 -18.6440678 -5 0 -18.36158192 -5 16.94915254 -18.36158192 -5 0 -18.07909605 -5 16.94915254 -18.07909605 -5 0 -17.79661017 -5 16.94915254 -17.79661017 -5 0 -17.51412429 -5 16.94915254 -17.51412429 -5 0 -17.23163842 -5 16.94915254 -17.23163842 -5 0 -16.94915254 -5 16.94915254 -16.94915254 -5 0 -16.66666667 -5 16.94915254 -16.66666667 -5 0 -16.38418079 -5 17.23163842 -16.66666667 -5 17.51412429 -16.66666667 -5 17.79661017 -16.66666667 -5 18.07909605 -16.66666667 -5 18.36158192 -16.66666667 -5 18.6440678 -16.66666667 -5 18.92655367 -16.66666667 -5 19.20903955 -16.66666667 -5 19.49152542 -16.66666667 -5 19.7740113 -16.66666667 -5 20.05649718 -16.66666667 -5 20.33898305 -16.66666667 -5 20.62146893 -16.66666667 -5 20.9039548 -16.66666667 -5 21.18644068 -16.66666667 -5 21.46892655 -16.66666667 -5 21.75141243 -16.66666667 -5 22.03389831 -16.66666667 -5 22.31638418 -16.66666667 -5 22.59887006 -16.66666667 -5 22.88135593 -16.66666667 -5 23.16384181 -16.66666667 -5 23.44632768 -16.66666667 -5 23.72881356 -16.66666667 -5 24.01129944 -16.66666667 -5 24.29378531 -16.66666667 -5 24.57627119 -16.66666667 -5 24.85875706 -16.66666667 -5 25.14124294 -16.66666667 -5 25.42372881 -16.66666667 -5 25.70621469 -16.66666667 -5 25.98870056 -16.66666667 -5 26.27118644 -16.66666667 -5 26.55367232 -16.66666667 -5 26.83615819 -16.66666667 -5 27.11864407 -16.66666667 -5 27.40112994 -16.66666667 -5 27.68361582 -16.66666667 -5 27.96610169 -16.66666667 -5 28.24858757 -16.66666667 -5 28.53107345 -16.66666667 -5 28.81355932 -16.66666667 -5 29.0960452 -16.66666667 -5 29.37853107 -16.66666667 -5 29.66101695 -16.66666667 -5 29.94350282 -16.66666667 -5 30.2259887 -16.66666667 -5 30.50847458 -16.66666667 -5 30.79096045 -16.66666667 -5 31.07344633 -16.66666667 -5 31.3559322 -16.66666667 -5 31.63841808 -16.66666667 -5 31.92090395 -16.66666667 -5 32.20338983 -16.66666667 -5 32.48587571 -16.66666667 -5 32.76836158 -16.66666667 -5 33.05084746 -16.66666667 -5 33.33333333 -16.66666667 -5 33.61581921 -16.38418079 -5 0 -16.10169492 -5 33.61581921 -16.10169492 -5 0 -15.81920904 -5 33.61581921 -15.81920904 -5 0 -15.53672316 -5 33.61581921 -15.53672316 -5 0 -15.25423729 -5 33.61581921 -15.25423729 -5 0 -14.97175141 -5 33.61581921 -14.97175141 -5 0 -14.68926554 -5 33.61581921 -14.68926554 -5 0 -14.40677966 -5 33.61581921 -14.40677966 -5 0 -14.12429379 -5 33.61581921 -14.12429379 -5 0 -13.84180791 -5 33.61581921 -13.84180791 -5 0 -13.55932203 -5 33.61581921 -13.55932203 -5 0 -13.27683616 -5 33.61581921 -13.27683616 -5 0 -12.99435028 -5 33.61581921 -12.99435028 -5 0 -12.71186441 -5 33.61581921 -12.71186441 -5 0 -12.42937853 -5 33.61581921 -12.42937853 -5 0 -12.14689266 -5 33.61581921 -12.14689266 -5 0 -11.86440678 -5 33.61581921 -11.86440678 -5 0 -11.5819209 -5 33.61581921 -11.5819209 -5 0 -11.29943503 -5 33.61581921 -11.29943503 -5 0 -11.01694915 -5 33.61581921 -11.01694915 -5 0 -10.73446328 -5 33.61581921 -10.73446328 -5 0 -10.4519774 -5 33.61581921 -10.4519774 -5 0 -10.16949153 -5 33.61581921 -10.16949153 -5 0 -9.88700565 -5 33.61581921 -9.88700565 -5 0 -9.60451977 -5 33.61581921 -9.60451977 -5 0 -9.3220339 -5 33.61581921 -9.3220339 -5 0 -9.03954802 -5 33.61581921 -9.03954802 -5 0 -8.75706215 -5 33.61581921 -8.75706215 -5 0 -8.47457627 -5 33.61581921 -8.47457627 -5 0 -8.1920904 -5 33.61581921 -8.1920904 -5 0 -7.90960452 -5 33.61581921 -7.90960452 -5 0 -7.62711864 -5 33.61581921 -7.62711864 -5 0 -7.34463277 -5 33.61581921 -7.34463277 -5 0 -7.06214689 -5 33.61581921 -7.06214689 -5 0 -6.77966102 -5 33.61581921 -6.77966102 -5 0 -6.49717514 -5 33.61581921 -6.49717514 -5 0 -6.21468927 -5 33.61581921 -6.21468927 -5 0 -5.93220339 -5 33.61581921 -5.93220339 -5 0 -5.64971751 -5 33.61581921 -5.64971751 -5 0 -5.36723164 -5 33.61581921 -5.36723164 -5 0 -5.08474576 -5 33.61581921 -5.08474576 -5 0 -4.80225989 -5 33.61581921 -4.80225989 -5 0 -4.51977401 -5 33.61581921 -4.51977401 -5 0 -4.23728814 -5 33.61581921 -4.23728814 -5 0 -3.95480226 -5 33.61581921 -3.95480226 -5 0 -3.67231638 -5 33.61581921 -3.67231638 -5 0 -3.38983051 -5 33.61581921 -3.38983051 -5 0 -3.10734463 -5 33.61581921 -3.10734463 -5 0 -2.82485876 -5 33.61581921 -2.82485876 -5 0 -2.54237288 -5 33.61581921 -2.54237288 -5 0 -2.25988701 -5 33.61581921 -2.25988701 -5 0 -1.97740113 -5 33.61581921 -1.97740113 -5 0 -1.69491525 -5 33.61581921 -1.69491525 -5 0 -1.41242938 -5 33.61581921 -1.41242938 -5 0 -1.1299435 -5 33.61581921 -1.1299435 -5 0 -0.84745763 -5 33.61581921 -0.84745763 -5 0 -0.56497175 -5 33.61581921 -0.56497175 -5 0 -0.28248588 -5 33.61581921 -0.28248588 -5 0 0 -5 33.61581921 0 -5 -16.66666667 0 -5 -16.66666667 0.28248588 -5 -16.38418079 0 -5 -16.10169492 0 -5 -15.81920904 0 -5 -15.53672316 0 -5 -15.25423729 0 -5 -14.97175141 0 -5 -14.68926554 0 -5 -14.40677966 0 -5 -14.12429379 0 -5 -13.84180791 0 -5 -13.55932203 0 -5 -13.27683616 0 -5 -12.99435028 0 -5 -12.71186441 0 -5 -12.42937853 0 -5 -12.14689266 0 -5 -11.86440678 0 -5 -11.5819209 0 -5 -11.29943503 0 -5 -11.01694915 0 -5 -10.73446328 0 -5 -10.4519774 0 -5 -10.16949153 0 -5 -9.88700565 0 -5 -9.60451977 0 -5 -9.3220339 0 -5 -9.03954802 0 -5 -8.75706215 0 -5 -8.47457627 0 -5 -8.1920904 0 -5 -7.90960452 0 -5 -7.62711864 0 -5 -7.34463277 0 -5 -7.06214689 0 -5 -6.77966102 0 -5 -6.49717514 0 -5 -6.21468927 0 -5 -5.93220339 0 -5 -5.64971751 0 -5 -5.36723164 0 -5 -5.08474576 0 -5 -4.80225989 0 -5 -4.51977401 0 -5 -4.23728814 0 -5 -3.95480226 0 -5 -3.67231638 0 -5 -3.38983051 0 -5 -3.10734463 0 -5 -2.82485876 0 -5 -2.54237288 0 -5 -2.25988701 0 -5 -1.97740113 0 -5 -1.69491525 0 -5 -1.41242938 0 -5 -1.1299435 0 -5 -0.84745763 0 -5 -0.56497175 0 -5 -0.28248588 0 -5 0.28248588 0.28248588 -5 0.56497175 0.28248588 -5 0.84745763 0.28248588 -5 1.1299435 0.28248588 -5 1.41242938 0.28248588 -5 1.69491525 0.28248588 -5 1.97740113 0.28248588 -5 2.25988701 0.28248588 -5 2.54237288 0.28248588 -5 2.82485876 0.28248588 -5 3.10734463 0.28248588 -5 3.38983051 0.28248588 -5 3.67231638 0.28248588 -5 3.95480226 0.28248588 -5 4.23728814 0.28248588 -5 4.51977401 0.28248588 -5 4.80225989 0.28248588 -5 5.08474576 0.28248588 -5 5.36723164 0.28248588 -5 5.64971751 0.28248588 -5 5.93220339 0.28248588 -5 6.21468927 0.28248588 -5 6.49717514 0.28248588 -5 6.77966102 0.28248588 -5 7.06214689 0.28248588 -5 7.34463277 0.28248588 -5 7.62711864 0.28248588 -5 7.90960452 0.28248588 -5 8.1920904 0.28248588 -5 8.47457627 0.28248588 -5 8.75706215 0.28248588 -5 9.03954802 0.28248588 -5 9.3220339 0.28248588 -5 9.60451977 0.28248588 -5 9.88700565 0.28248588 -5 10.16949153 0.28248588 -5 10.4519774 0.28248588 -5 10.73446328 0.28248588 -5 11.01694915 0.28248588 -5 11.29943503 0.28248588 -5 11.5819209 0.28248588 -5 11.86440678 0.28248588 -5 12.14689266 0.28248588 -5 12.42937853 0.28248588 -5 12.71186441 0.28248588 -5 12.99435028 0.28248588 -5 13.27683616 0.28248588 -5 13.55932203 0.28248588 -5 13.84180791 0.28248588 -5 14.12429379 0.28248588 -5 14.40677966 0.28248588 -5 14.68926554 0.28248588 -5 14.97175141 0.28248588 -5 15.25423729 0.28248588 -5 15.53672316 0.28248588 -5 15.81920904 0.28248588 -5 16.10169492 0.28248588 -5 16.38418079 0.28248588 -5 16.66666667 0.28248588 -5 33.61581921 0.28248588 -5 -16.66666667 0.56497175 -5 0.28248588 0.56497175 -5 16.66666667 0.56497175 -5 33.61581921 0.56497175 -5 -16.66666667 0.84745763 -5 0.28248588 0.84745763 -5 16.66666667 0.84745763 -5 33.61581921 0.84745763 -5 -16.66666667 1.1299435 -5 0.28248588 1.1299435 -5 16.66666667 1.1299435 -5 33.61581921 1.1299435 -5 -16.66666667 1.41242938 -5 0.28248588 1.41242938 -5 16.66666667 1.41242938 -5 33.61581921 1.41242938 -5 -16.66666667 1.69491525 -5 0.28248588 1.69491525 -5 16.66666667 1.69491525 -5 33.61581921 1.69491525 -5 -16.66666667 1.97740113 -5 0.28248588 1.97740113 -5 16.66666667 1.97740113 -5 33.61581921 1.97740113 -5 -16.66666667 2.25988701 -5 0.28248588 2.25988701 -5 16.66666667 2.25988701 -5 33.61581921 2.25988701 -5 -16.66666667 2.54237288 -5 0.28248588 2.54237288 -5 16.66666667 2.54237288 -5 33.61581921 2.54237288 -5 -16.66666667 2.82485876 -5 0.28248588 2.82485876 -5 16.66666667 2.82485876 -5 33.61581921 2.82485876 -5 -16.66666667 3.10734463 -5 0.28248588 3.10734463 -5 16.66666667 3.10734463 -5 33.61581921 3.10734463 -5 -16.66666667 3.38983051 -5 0.28248588 3.38983051 -5 16.66666667 3.38983051 -5 33.61581921 3.38983051 -5 -16.66666667 3.67231638 -5 0.28248588 3.67231638 -5 16.66666667 3.67231638 -5 33.61581921 3.67231638 -5 -16.66666667 3.95480226 -5 0.28248588 3.95480226 -5 16.66666667 3.95480226 -5 33.61581921 3.95480226 -5 -16.66666667 4.23728814 -5 0.28248588 4.23728814 -5 16.66666667 4.23728814 -5 33.61581921 4.23728814 -5 -16.66666667 4.51977401 -5 0.28248588 4.51977401 -5 16.66666667 4.51977401 -5 33.61581921 4.51977401 -5 -16.66666667 4.80225989 -5 0.28248588 4.80225989 -5 16.66666667 4.80225989 -5 33.61581921 4.80225989 -5 -16.66666667 5.08474576 -5 0.28248588 5.08474576 -5 16.66666667 5.08474576 -5 33.61581921 5.08474576 -5 -16.66666667 5.36723164 -5 0.28248588 5.36723164 -5 16.66666667 5.36723164 -5 33.61581921 5.36723164 -5 -16.66666667 5.64971751 -5 0.28248588 5.64971751 -5 16.66666667 5.64971751 -5 33.61581921 5.64971751 -5 -16.66666667 5.93220339 -5 0.28248588 5.93220339 -5 16.66666667 5.93220339 -5 33.61581921 5.93220339 -5 -16.66666667 6.21468927 -5 0.28248588 6.21468927 -5 16.66666667 6.21468927 -5 33.61581921 6.21468927 -5 -16.66666667 6.49717514 -5 0.28248588 6.49717514 -5 16.66666667 6.49717514 -5 33.61581921 6.49717514 -5 -16.66666667 6.77966102 -5 0.28248588 6.77966102 -5 16.66666667 6.77966102 -5 33.61581921 6.77966102 -5 -16.66666667 7.06214689 -5 0.28248588 7.06214689 -5 16.66666667 7.06214689 -5 33.61581921 7.06214689 -5 -16.66666667 7.34463277 -5 0.28248588 7.34463277 -5 16.66666667 7.34463277 -5 33.61581921 7.34463277 -5 -16.66666667 7.62711864 -5 0.28248588 7.62711864 -5 16.66666667 7.62711864 -5 33.61581921 7.62711864 -5 -16.66666667 7.90960452 -5 0.28248588 7.90960452 -5 16.66666667 7.90960452 -5 33.61581921 7.90960452 -5 -16.66666667 8.1920904 -5 0.28248588 8.1920904 -5 16.66666667 8.1920904 -5 33.61581921 8.1920904 -5 -16.66666667 8.47457627 -5 0.28248588 8.47457627 -5 16.66666667 8.47457627 -5 33.61581921 8.47457627 -5 -16.66666667 8.75706215 -5 0.28248588 8.75706215 -5 16.66666667 8.75706215 -5 33.61581921 8.75706215 -5 -16.66666667 9.03954802 -5 0.28248588 9.03954802 -5 16.66666667 9.03954802 -5 33.61581921 9.03954802 -5 -16.66666667 9.3220339 -5 0.28248588 9.3220339 -5 16.66666667 9.3220339 -5 33.61581921 9.3220339 -5 -16.66666667 9.60451977 -5 0.28248588 9.60451977 -5 16.66666667 9.60451977 -5 33.61581921 9.60451977 -5 -16.66666667 9.88700565 -5 0.28248588 9.88700565 -5 16.66666667 9.88700565 -5 33.61581921 9.88700565 -5 -16.66666667 10.16949153 -5 0.28248588 10.16949153 -5 16.66666667 10.16949153 -5 33.61581921 10.16949153 -5 -16.66666667 10.4519774 -5 0.28248588 10.4519774 -5 16.66666667 10.4519774 -5 33.61581921 10.4519774 -5 -16.66666667 10.73446328 -5 0.28248588 10.73446328 -5 16.66666667 10.73446328 -5 33.61581921 10.73446328 -5 -16.66666667 11.01694915 -5 0.28248588 11.01694915 -5 16.66666667 11.01694915 -5 33.61581921 11.01694915 -5 -16.66666667 11.29943503 -5 0.28248588 11.29943503 -5 16.66666667 11.29943503 -5 33.61581921 11.29943503 -5 -16.66666667 11.5819209 -5 0.28248588 11.5819209 -5 16.66666667 11.5819209 -5 33.61581921 11.5819209 -5 -16.66666667 11.86440678 -5 0.28248588 11.86440678 -5 16.66666667 11.86440678 -5 33.61581921 11.86440678 -5 -16.66666667 12.14689266 -5 0.28248588 12.14689266 -5 16.66666667 12.14689266 -5 33.61581921 12.14689266 -5 -16.66666667 12.42937853 -5 0.28248588 12.42937853 -5 16.66666667 12.42937853 -5 33.61581921 12.42937853 -5 -16.66666667 12.71186441 -5 0.28248588 12.71186441 -5 16.66666667 12.71186441 -5 33.61581921 12.71186441 -5 -16.66666667 12.99435028 -5 0.28248588 12.99435028 -5 16.66666667 12.99435028 -5 33.61581921 12.99435028 -5 -16.66666667 13.27683616 -5 0.28248588 13.27683616 -5 16.66666667 13.27683616 -5 33.61581921 13.27683616 -5 -16.66666667 13.55932203 -5 0.28248588 13.55932203 -5 16.66666667 13.55932203 -5 33.61581921 13.55932203 -5 -16.66666667 13.84180791 -5 0.28248588 13.84180791 -5 16.66666667 13.84180791 -5 33.61581921 13.84180791 -5 -16.66666667 14.12429379 -5 0.28248588 14.12429379 -5 16.66666667 14.12429379 -5 33.61581921 14.12429379 -5 -16.66666667 14.40677966 -5 0.28248588 14.40677966 -5 16.66666667 14.40677966 -5 33.61581921 14.40677966 -5 -16.66666667 14.68926554 -5 0.28248588 14.68926554 -5 16.66666667 14.68926554 -5 33.61581921 14.68926554 -5 -16.66666667 14.97175141 -5 0.28248588 14.97175141 -5 16.66666667 14.97175141 -5 33.61581921 14.97175141 -5 -16.66666667 15.25423729 -5 0.28248588 15.25423729 -5 16.66666667 15.25423729 -5 33.61581921 15.25423729 -5 -16.66666667 15.53672316 -5 0.28248588 15.53672316 -5 16.66666667 15.53672316 -5 33.61581921 15.53672316 -5 -16.66666667 15.81920904 -5 0.28248588 15.81920904 -5 16.66666667 15.81920904 -5 33.61581921 15.81920904 -5 -16.66666667 16.10169492 -5 0.28248588 16.10169492 -5 16.66666667 16.10169492 -5 33.61581921 16.10169492 -5 -16.66666667 16.38418079 -5 0.28248588 16.38418079 -5 16.66666667 16.38418079 -5 33.61581921 16.38418079 -5 -16.66666667 16.66666667 -5 0.28248588 16.66666667 -5 16.66666667 16.66666667 -5 33.61581921 16.66666667 -5 -33.33333333 16.66666667 -5 -33.33333333 16.94915254 -5 -33.05084746 16.66666667 -5 -32.76836158 16.66666667 -5 -32.48587571 16.66666667 -5 -32.20338983 16.66666667 -5 -31.92090395 16.66666667 -5 -31.63841808 16.66666667 -5 -31.3559322 16.66666667 -5 -31.07344633 16.66666667 -5 -30.79096045 16.66666667 -5 -30.50847458 16.66666667 -5 -30.2259887 16.66666667 -5 -29.94350282 16.66666667 -5 -29.66101695 16.66666667 -5 -29.37853107 16.66666667 -5 -29.0960452 16.66666667 -5 -28.81355932 16.66666667 -5 -28.53107345 16.66666667 -5 -28.24858757 16.66666667 -5 -27.96610169 16.66666667 -5 -27.68361582 16.66666667 -5 -27.40112994 16.66666667 -5 -27.11864407 16.66666667 -5 -26.83615819 16.66666667 -5 -26.55367232 16.66666667 -5 -26.27118644 16.66666667 -5 -25.98870056 16.66666667 -5 -25.70621469 16.66666667 -5 -25.42372881 16.66666667 -5 -25.14124294 16.66666667 -5 -24.85875706 16.66666667 -5 -24.57627119 16.66666667 -5 -24.29378531 16.66666667 -5 -24.01129944 16.66666667 -5 -23.72881356 16.66666667 -5 -23.44632768 16.66666667 -5 -23.16384181 16.66666667 -5 -22.88135593 16.66666667 -5 -22.59887006 16.66666667 -5 -22.31638418 16.66666667 -5 -22.03389831 16.66666667 -5 -21.75141243 16.66666667 -5 -21.46892655 16.66666667 -5 -21.18644068 16.66666667 -5 -20.9039548 16.66666667 -5 -20.62146893 16.66666667 -5 -20.33898305 16.66666667 -5 -20.05649718 16.66666667 -5 -19.7740113 16.66666667 -5 -19.49152542 16.66666667 -5 -19.20903955 16.66666667 -5 -18.92655367 16.66666667 -5 -18.6440678 16.66666667 -5 -18.36158192 16.66666667 -5 -18.07909605 16.66666667 -5 -17.79661017 16.66666667 -5 -17.51412429 16.66666667 -5 -17.23163842 16.66666667 -5 -16.94915254 16.66666667 -5 -16.38418079 16.94915254 -5 -16.10169492 16.94915254 -5 -15.81920904 16.94915254 -5 -15.53672316 16.94915254 -5 -15.25423729 16.94915254 -5 -14.97175141 16.94915254 -5 -14.68926554 16.94915254 -5 -14.40677966 16.94915254 -5 -14.12429379 16.94915254 -5 -13.84180791 16.94915254 -5 -13.55932203 16.94915254 -5 -13.27683616 16.94915254 -5 -12.99435028 16.94915254 -5 -12.71186441 16.94915254 -5 -12.42937853 16.94915254 -5 -12.14689266 16.94915254 -5 -11.86440678 16.94915254 -5 -11.5819209 16.94915254 -5 -11.29943503 16.94915254 -5 -11.01694915 16.94915254 -5 -10.73446328 16.94915254 -5 -10.4519774 16.94915254 -5 -10.16949153 16.94915254 -5 -9.88700565 16.94915254 -5 -9.60451977 16.94915254 -5 -9.3220339 16.94915254 -5 -9.03954802 16.94915254 -5 -8.75706215 16.94915254 -5 -8.47457627 16.94915254 -5 -8.1920904 16.94915254 -5 -7.90960452 16.94915254 -5 -7.62711864 16.94915254 -5 -7.34463277 16.94915254 -5 -7.06214689 16.94915254 -5 -6.77966102 16.94915254 -5 -6.49717514 16.94915254 -5 -6.21468927 16.94915254 -5 -5.93220339 16.94915254 -5 -5.64971751 16.94915254 -5 -5.36723164 16.94915254 -5 -5.08474576 16.94915254 -5 -4.80225989 16.94915254 -5 -4.51977401 16.94915254 -5 -4.23728814 16.94915254 -5 -3.95480226 16.94915254 -5 -3.67231638 16.94915254 -5 -3.38983051 16.94915254 -5 -3.10734463 16.94915254 -5 -2.82485876 16.94915254 -5 -2.54237288 16.94915254 -5 -2.25988701 16.94915254 -5 -1.97740113 16.94915254 -5 -1.69491525 16.94915254 -5 -1.41242938 16.94915254 -5 -1.1299435 16.94915254 -5 -0.84745763 16.94915254 -5 -0.56497175 16.94915254 -5 -0.28248588 16.94915254 -5 0 16.94915254 -5 0.56497175 16.66666667 -5 0.84745763 16.66666667 -5 1.1299435 16.66666667 -5 1.41242938 16.66666667 -5 1.69491525 16.66666667 -5 1.97740113 16.66666667 -5 2.25988701 16.66666667 -5 2.54237288 16.66666667 -5 2.82485876 16.66666667 -5 3.10734463 16.66666667 -5 3.38983051 16.66666667 -5 3.67231638 16.66666667 -5 3.95480226 16.66666667 -5 4.23728814 16.66666667 -5 4.51977401 16.66666667 -5 4.80225989 16.66666667 -5 5.08474576 16.66666667 -5 5.36723164 16.66666667 -5 5.64971751 16.66666667 -5 5.93220339 16.66666667 -5 6.21468927 16.66666667 -5 6.49717514 16.66666667 -5 6.77966102 16.66666667 -5 7.06214689 16.66666667 -5 7.34463277 16.66666667 -5 7.62711864 16.66666667 -5 7.90960452 16.66666667 -5 8.1920904 16.66666667 -5 8.47457627 16.66666667 -5 8.75706215 16.66666667 -5 9.03954802 16.66666667 -5 9.3220339 16.66666667 -5 9.60451977 16.66666667 -5 9.88700565 16.66666667 -5 10.16949153 16.66666667 -5 10.4519774 16.66666667 -5 10.73446328 16.66666667 -5 11.01694915 16.66666667 -5 11.29943503 16.66666667 -5 11.5819209 16.66666667 -5 11.86440678 16.66666667 -5 12.14689266 16.66666667 -5 12.42937853 16.66666667 -5 12.71186441 16.66666667 -5 12.99435028 16.66666667 -5 13.27683616 16.66666667 -5 13.55932203 16.66666667 -5 13.84180791 16.66666667 -5 14.12429379 16.66666667 -5 14.40677966 16.66666667 -5 14.68926554 16.66666667 -5 14.97175141 16.66666667 -5 15.25423729 16.66666667 -5 15.53672316 16.66666667 -5 15.81920904 16.66666667 -5 16.10169492 16.66666667 -5 16.38418079 16.66666667 -5 33.61581921 16.94915254 -5 -33.33333333 17.23163842 -5 -16.38418079 17.23163842 -5 0 17.23163842 -5 33.61581921 17.23163842 -5 -33.33333333 17.51412429 -5 -16.38418079 17.51412429 -5 0 17.51412429 -5 33.61581921 17.51412429 -5 -33.33333333 17.79661017 -5 -16.38418079 17.79661017 -5 0 17.79661017 -5 33.61581921 17.79661017 -5 -33.33333333 18.07909605 -5 -16.38418079 18.07909605 -5 0 18.07909605 -5 33.61581921 18.07909605 -5 -33.33333333 18.36158192 -5 -16.38418079 18.36158192 -5 0 18.36158192 -5 33.61581921 18.36158192 -5 -33.33333333 18.6440678 -5 -16.38418079 18.6440678 -5 0 18.6440678 -5 33.61581921 18.6440678 -5 -33.33333333 18.92655367 -5 -16.38418079 18.92655367 -5 0 18.92655367 -5 33.61581921 18.92655367 -5 -33.33333333 19.20903955 -5 -16.38418079 19.20903955 -5 0 19.20903955 -5 33.61581921 19.20903955 -5 -33.33333333 19.49152542 -5 -16.38418079 19.49152542 -5 0 19.49152542 -5 33.61581921 19.49152542 -5 -33.33333333 19.7740113 -5 -16.38418079 19.7740113 -5 0 19.7740113 -5 33.61581921 19.7740113 -5 -33.33333333 20.05649718 -5 -16.38418079 20.05649718 -5 0 20.05649718 -5 33.61581921 20.05649718 -5 -33.33333333 20.33898305 -5 -16.38418079 20.33898305 -5 0 20.33898305 -5 33.61581921 20.33898305 -5 -33.33333333 20.62146893 -5 -16.38418079 20.62146893 -5 0 20.62146893 -5 33.61581921 20.62146893 -5 -33.33333333 20.9039548 -5 -16.38418079 20.9039548 -5 0 20.9039548 -5 33.61581921 20.9039548 -5 -33.33333333 21.18644068 -5 -16.38418079 21.18644068 -5 0 21.18644068 -5 33.61581921 21.18644068 -5 -33.33333333 21.46892655 -5 -16.38418079 21.46892655 -5 0 21.46892655 -5 33.61581921 21.46892655 -5 -33.33333333 21.75141243 -5 -16.38418079 21.75141243 -5 0 21.75141243 -5 33.61581921 21.75141243 -5 -33.33333333 22.03389831 -5 -16.38418079 22.03389831 -5 0 22.03389831 -5 33.61581921 22.03389831 -5 -33.33333333 22.31638418 -5 -16.38418079 22.31638418 -5 0 22.31638418 -5 33.61581921 22.31638418 -5 -33.33333333 22.59887006 -5 -16.38418079 22.59887006 -5 0 22.59887006 -5 33.61581921 22.59887006 -5 -33.33333333 22.88135593 -5 -16.38418079 22.88135593 -5 0 22.88135593 -5 33.61581921 22.88135593 -5 -33.33333333 23.16384181 -5 -16.38418079 23.16384181 -5 0 23.16384181 -5 33.61581921 23.16384181 -5 -33.33333333 23.44632768 -5 -16.38418079 23.44632768 -5 0 23.44632768 -5 33.61581921 23.44632768 -5 -33.33333333 23.72881356 -5 -16.38418079 23.72881356 -5 0 23.72881356 -5 33.61581921 23.72881356 -5 -33.33333333 24.01129944 -5 -16.38418079 24.01129944 -5 0 24.01129944 -5 33.61581921 24.01129944 -5 -33.33333333 24.29378531 -5 -16.38418079 24.29378531 -5 0 24.29378531 -5 33.61581921 24.29378531 -5 -33.33333333 24.57627119 -5 -16.38418079 24.57627119 -5 0 24.57627119 -5 33.61581921 24.57627119 -5 -33.33333333 24.85875706 -5 -16.38418079 24.85875706 -5 0 24.85875706 -5 33.61581921 24.85875706 -5 -33.33333333 25.14124294 -5 -16.38418079 25.14124294 -5 0 25.14124294 -5 33.61581921 25.14124294 -5 -33.33333333 25.42372881 -5 -16.38418079 25.42372881 -5 0 25.42372881 -5 33.61581921 25.42372881 -5 -33.33333333 25.70621469 -5 -16.38418079 25.70621469 -5 0 25.70621469 -5 33.61581921 25.70621469 -5 -33.33333333 25.98870056 -5 -16.38418079 25.98870056 -5 0 25.98870056 -5 33.61581921 25.98870056 -5 -33.33333333 26.27118644 -5 -16.38418079 26.27118644 -5 0 26.27118644 -5 33.61581921 26.27118644 -5 -33.33333333 26.55367232 -5 -16.38418079 26.55367232 -5 0 26.55367232 -5 33.61581921 26.55367232 -5 -33.33333333 26.83615819 -5 -16.38418079 26.83615819 -5 0 26.83615819 -5 33.61581921 26.83615819 -5 -33.33333333 27.11864407 -5 -16.38418079 27.11864407 -5 0 27.11864407 -5 33.61581921 27.11864407 -5 -33.33333333 27.40112994 -5 -16.38418079 27.40112994 -5 0 27.40112994 -5 33.61581921 27.40112994 -5 -33.33333333 27.68361582 -5 -16.38418079 27.68361582 -5 0 27.68361582 -5 33.61581921 27.68361582 -5 -33.33333333 27.96610169 -5 -16.38418079 27.96610169 -5 0 27.96610169 -5 33.61581921 27.96610169 -5 -33.33333333 28.24858757 -5 -16.38418079 28.24858757 -5 0 28.24858757 -5 33.61581921 28.24858757 -5 -33.33333333 28.53107345 -5 -16.38418079 28.53107345 -5 0 28.53107345 -5 33.61581921 28.53107345 -5 -33.33333333 28.81355932 -5 -16.38418079 28.81355932 -5 0 28.81355932 -5 33.61581921 28.81355932 -5 -33.33333333 29.0960452 -5 -16.38418079 29.0960452 -5 0 29.0960452 -5 33.61581921 29.0960452 -5 -33.33333333 29.37853107 -5 -16.38418079 29.37853107 -5 0 29.37853107 -5 33.61581921 29.37853107 -5 -33.33333333 29.66101695 -5 -16.38418079 29.66101695 -5 0 29.66101695 -5 33.61581921 29.66101695 -5 -33.33333333 29.94350282 -5 -16.38418079 29.94350282 -5 0 29.94350282 -5 33.61581921 29.94350282 -5 -33.33333333 30.2259887 -5 -16.38418079 30.2259887 -5 0 30.2259887 -5 33.61581921 30.2259887 -5 -33.33333333 30.50847458 -5 -16.38418079 30.50847458 -5 0 30.50847458 -5 33.61581921 30.50847458 -5 -33.33333333 30.79096045 -5 -16.38418079 30.79096045 -5 0 30.79096045 -5 33.61581921 30.79096045 -5 -33.33333333 31.07344633 -5 -16.38418079 31.07344633 -5 0 31.07344633 -5 33.61581921 31.07344633 -5 -33.33333333 31.3559322 -5 -16.38418079 31.3559322 -5 0 31.3559322 -5 33.61581921 31.3559322 -5 -33.33333333 31.63841808 -5 -16.38418079 31.63841808 -5 0 31.63841808 -5 33.61581921 31.63841808 -5 -33.33333333 31.92090395 -5 -16.38418079 31.92090395 -5 0 31.92090395 -5 33.61581921 31.92090395 -5 -33.33333333 32.20338983 -5 -16.38418079 32.20338983 -5 0 32.20338983 -5 33.61581921 32.20338983 -5 -33.33333333 32.48587571 -5 -16.38418079 32.48587571 -5 0 32.48587571 -5 33.61581921 32.48587571 -5 -33.33333333 32.76836158 -5 -16.38418079 32.76836158 -5 0 32.76836158 -5 33.61581921 32.76836158 -5 -33.33333333 33.05084746 -5 -16.38418079 33.05084746 -5 0 33.05084746 -5 33.61581921 33.05084746 -5 -33.33333333 33.33333333 -5 -16.38418079 33.33333333 -5 0 33.33333333 -5 33.61581921 33.33333333 -5 -33.05084746 33.61581921 -5 -32.76836158 33.61581921 -5 -32.48587571 33.61581921 -5 -32.20338983 33.61581921 -5 -31.92090395 33.61581921 -5 -31.63841808 33.61581921 -5 -31.3559322 33.61581921 -5 -31.07344633 33.61581921 -5 -30.79096045 33.61581921 -5 -30.50847458 33.61581921 -5 -30.2259887 33.61581921 -5 -29.94350282 33.61581921 -5 -29.66101695 33.61581921 -5 -29.37853107 33.61581921 -5 -29.0960452 33.61581921 -5 -28.81355932 33.61581921 -5 -28.53107345 33.61581921 -5 -28.24858757 33.61581921 -5 -27.96610169 33.61581921 -5 -27.68361582 33.61581921 -5 -27.40112994 33.61581921 -5 -27.11864407 33.61581921 -5 -26.83615819 33.61581921 -5 -26.55367232 33.61581921 -5 -26.27118644 33.61581921 -5 -25.98870056 33.61581921 -5 -25.70621469 33.61581921 -5 -25.42372881 33.61581921 -5 -25.14124294 33.61581921 -5 -24.85875706 33.61581921 -5 -24.57627119 33.61581921 -5 -24.29378531 33.61581921 -5 -24.01129944 33.61581921 -5 -23.72881356 33.61581921 -5 -23.44632768 33.61581921 -5 -23.16384181 33.61581921 -5 -22.88135593 33.61581921 -5 -22.59887006 33.61581921 -5 -22.31638418 33.61581921 -5 -22.03389831 33.61581921 -5 -21.75141243 33.61581921 -5 -21.46892655 33.61581921 -5 -21.18644068 33.61581921 -5 -20.9039548 33.61581921 -5 -20.62146893 33.61581921 -5 -20.33898305 33.61581921 -5 -20.05649718 33.61581921 -5 -19.7740113 33.61581921 -5 -19.49152542 33.61581921 -5 -19.20903955 33.61581921 -5 -18.92655367 33.61581921 -5 -18.6440678 33.61581921 -5 -18.36158192 33.61581921 -5 -18.07909605 33.61581921 -5 -17.79661017 33.61581921 -5 -17.51412429 33.61581921 -5 -17.23163842 33.61581921 -5 -16.94915254 33.61581921 -5 -16.66666667 33.61581921 -5 -16.38418079 33.61581921 -5 0.28248588 33.61581921 -5 0.56497175 33.61581921 -5 0.84745763 33.61581921 -5 1.1299435 33.61581921 -5 1.41242938 33.61581921 -5 1.69491525 33.61581921 -5 1.97740113 33.61581921 -5 2.25988701 33.61581921 -5 2.54237288 33.61581921 -5 2.82485876 33.61581921 -5 3.10734463 33.61581921 -5 3.38983051 33.61581921 -5 3.67231638 33.61581921 -5 3.95480226 33.61581921 -5 4.23728814 33.61581921 -5 4.51977401 33.61581921 -5 4.80225989 33.61581921 -5 5.08474576 33.61581921 -5 5.36723164 33.61581921 -5 5.64971751 33.61581921 -5 5.93220339 33.61581921 -5 6.21468927 33.61581921 -5 6.49717514 33.61581921 -5 6.77966102 33.61581921 -5 7.06214689 33.61581921 -5 7.34463277 33.61581921 -5 7.62711864 33.61581921 -5 7.90960452 33.61581921 -5 8.1920904 33.61581921 -5 8.47457627 33.61581921 -5 8.75706215 33.61581921 -5 9.03954802 33.61581921 -5 9.3220339 33.61581921 -5 9.60451977 33.61581921 -5 9.88700565 33.61581921 -5 10.16949153 33.61581921 -5 10.4519774 33.61581921 -5 10.73446328 33.61581921 -5 11.01694915 33.61581921 -5 11.29943503 33.61581921 -5 11.5819209 33.61581921 -5 11.86440678 33.61581921 -5 12.14689266 33.61581921 -5 12.42937853 33.61581921 -5 12.71186441 33.61581921 -5 12.99435028 33.61581921 -5 13.27683616 33.61581921 -5 13.55932203 33.61581921 -5 13.84180791 33.61581921 -5 14.12429379 33.61581921 -5 14.40677966 33.61581921 -5 14.68926554 33.61581921 -5 14.97175141 33.61581921 -5 15.25423729 33.61581921 -5 15.53672316 33.61581921 -5 15.81920904 33.61581921 -5 16.10169492 33.61581921 -5 16.38418079 33.61581921 -5 16.66666667 33.61581921 -5 16.94915254 33.61581921 -5 17.23163842 33.61581921 -5 17.51412429 33.61581921 -5 17.79661017 33.61581921 -5 18.07909605 33.61581921 -5 18.36158192 33.61581921 -5 18.6440678 33.61581921 -5 18.92655367 33.61581921 -5 19.20903955 33.61581921 -5 19.49152542 33.61581921 -5 19.7740113 33.61581921 -5 20.05649718 33.61581921 -5 20.33898305 33.61581921 -5 20.62146893 33.61581921 -5 20.9039548 33.61581921 -5 21.18644068 33.61581921 -5 21.46892655 33.61581921 -5 21.75141243 33.61581921 -5 22.03389831 33.61581921 -5 22.31638418 33.61581921 -5 22.59887006 33.61581921 -5 22.88135593 33.61581921 -5 23.16384181 33.61581921 -5 23.44632768 33.61581921 -5 23.72881356 33.61581921 -5 24.01129944 33.61581921 -5 24.29378531 33.61581921 -5 24.57627119 33.61581921 -5 24.85875706 33.61581921 -5 25.14124294 33.61581921 -5 25.42372881 33.61581921 -5 25.70621469 33.61581921 -5 25.98870056 33.61581921 -5 26.27118644 33.61581921 -5 26.55367232 33.61581921 -5 26.83615819 33.61581921 -5 27.11864407 33.61581921 -5 27.40112994 33.61581921 -5 27.68361582 33.61581921 -5 27.96610169 33.61581921 -5 28.24858757 33.61581921 -5 28.53107345 33.61581921 -5 28.81355932 33.61581921 -5 29.0960452 33.61581921 -5 29.37853107 33.61581921 -5 29.66101695 33.61581921 -5 29.94350282 33.61581921 -5 30.2259887 33.61581921 -5 30.50847458 33.61581921 -5 30.79096045 33.61581921 -5 31.07344633 33.61581921 -5 31.3559322 33.61581921 -5 31.63841808 33.61581921 -5 31.92090395 33.61581921 -5 32.20338983 33.61581921 -5 32.48587571 33.61581921 -5 32.76836158 33.61581921 -5 33.05084746 33.61581921 -5 33.33333333 33.61581921 -5 33.61581921 33.61581921 -5</float_array>
          <technique_common>
            <accessor source="#pos_0-array" count="8271" stride="3">
              <param name="X" type="float"/>
              <param name="Y" type="float"/>
              <param name="Z" type="float"/>
            </accessor>
          </technique_common>
        </source>
        <source id="norm_0">
          <float_array id="norm_0-array" count="33">0 0 1 -0.9996 0 0.02824 0 -0.9996 0.02824 0 -0.9996 0.02824 0.70697 -0.70697 0.01997 0.9996 -0 0.02824 -0.9996 0 0.02824 0.9996 -0 0.02824 -0.70697 0.70697 0.01997 0 0.9996 0.02824 0 0.9996 0.02824</float_array>
          <technique_common>
            <accessor source="#norm_0-array" count="33" stride="3">
              <param name="X" type="float"/>
              <param name="Y" type="float"/>
              <param name="Z" type="float"/>
            </accessor>
          </technique_common>
        </source>
        <source id="uvs_0">
          <float_array id="uvs_0-array" count="0"></float_array>
          <technique_common>
            <accessor source="#uvs_0-array" count="0" stride="2">
              <param name="S" type="float"/>
              <param name="T" type="float"/>
            </accessor>
          </technique_common>
        </source>
        <vertices id="vert_0">
          <input semantic="POSITION" source="#pos_0"/>
        </vertices>
        <triangles count="4220" material="mat_0">
          <input semantic="VERTEX" source="#vert_0" offset="0"/>
          <input semantic="NORMAL" source="#norm_0" offset="1"/>
          <p>0 0 1 0 2 0 2 0 3 0 4 0 1 0 5 0 2 0 2 0 6 0 3 0 5 0 7 0 2 0 2 0 8 0 6 0 7 0 9 0 2 0 2 0 10 0 8 0 9 0 11 0 2 0 2 0 12 0 10 0 11 0 13 0 2 0 2 0 14 0 12 0 13 0 15 0 2 0 2 0 16 0 14 0 15 0 17 0 2 0 2 0 18 0 16 0 17 0 19 0 2 0 2 0 20 0 18 0 19 0 21 0 2 0 2 0 22 0 20 0 21 0 23 0 2 0 2 0 24 0 22 0 23 0 25 0 2 0 2 0 26 0 24 0 25 0 27 0 2 0 2 0 28 0 26 0 27 0 29 0 2 0 2 0 30 0 28 0 29 0 31 0 2 0 2 0 32 0 30 0 31 0 33 0 2 0 2 0 34 0 32 0 33 0 35 0 2 0 2 0 36 0 34 0 35 0 37 0 2 0 2 0 38 0 36 0 37 0 39 0 2 0 2 0 40 0 38 0 39 0 41 0 2 0 2 0 42 0 40 0 41 0 43 0 2 0 2 0 44 0 42 0 43 0 45 0 2 0 2 0 46 0 44 0 45 0 47 0 2 0 2 0 48 0 46 0 47 0 49 0 2 0 2 0 50 0 48 0 49 0 51 0 2 0 2 0 52 0 50 0 51 0 53 0 2 0 2 0 54 0 52 0 53 0 55 0 2 0 2 0 56 0 54 0 55 0 57 0 2 0 2 0 58 0 56 0 57 0 59 0 2 0 2 0 60 0 58 0 59 0 61 0 2 0 2 0 62 0 60 0 61 0 63 0 2 0 2 0 64 0 62 0 63 0 65 0 2 0 2 0 66 0 64 0 65 0 67 0 2 0 2 0 68 0 66 0 67 0 69 0 2 0 2 0 70 0 68 0 69 0 71 0 2 0 2 0 72 0 70 0 71 0 73 0 2 0 2 0 74 0 72 0 73 0 75 0 2 0 2 0 76 0 74 0 75 0 77 0 2 0 2 0 78 0 76 0 77 0 79 0 2 0 2 0 80 0 78 0 79 0 81 0 2 0 2 0 82 0 80 0 81 0 83 0 2 0 2 0 84 0 82 0 83 0 85 0 2 0 2 0 86 0 84 0 85 0 87 0 2 0 2 0 88 0 86 0 87 0 89 0 2 0 2 0 90 0 88 0 89 0 91 0 2 0 2 0 92 0 90 0 91 0 93 0 2 0 2 0 94 0 92 0 93 0 95 0 2 0 2 0 96 0 94 0 95 0 97 0 2 0 2 0 98 0 96 0 97 0 99 0 2 0 2 0 100 0 98 0 99 0 101 0 2 0 2 0 102 0 100 0 101 0 103 0 2 0 2 0 104 0 102 0 103 0 105 0 2 0 2 0 106 0 104 0 105 0 107 0 2 0 2 0 108 0 106 0 107 0 109 0 2 0 2 0 110 0 108 0 109 0 111 0 2 0 2 0 112 0 110 0 111 0 113 0 2 0 2 0 114 0 112 0 113 0 115 0 2 0 2 0 116 0 114 0 115 0 117 0 2 0 2 0 118 0 116 0 0 0 2 0 119 0 117 0 120 0 2 0 119 0 2 0 121 0 120 0 122 0 2 0 121 0 2 0 123 0 122 0 124 0 2 0 123 0 2 0 125 0 124 0 126 0 2 0 125 0 2 0 127 0 126 0 128 0 2 0 127 0 2 0 129 0 128 0 130 0 2 0 129 0 2 0 131 0 130 0 132 0 2 0 131 0 2 0 133 0 132 0 134 0 2 0 133 0 2 0 135 0 134 0 136 0 2 0 135 0 2 0 137 0 136 0 138 0 2 0 137 0 2 0 139 0 138 0 140 0 2 0 139 0 2 0 141 0 140 0 142 0 2 0 141 0 2 0 143 0 142 0 144 0 2 0 143 0 2 0 145 0 144 0 146 0 2 0 145 0 2 0 147 0 146 0 148 0 2 0 147 0 2 0 149 0 148 0 150 0 2 0 149 0 2 0 151 0 150 0 152 0 2 0 151 0 2 0 153 0 152 0 154 0 2 0 153 0 2 0 155 0 154 0 156 0 2 0 155 0 2 0 157 0 156 0 158 0 2 0 157 0 2 0 159 0 158 0 160 0 2 0 159 0 2 0 161 0 160 0 162 0 2 0 161 0 2 0 163 0 162 0 164 0 2 0 163 0 2 0 165 0 164 0 166 0 2 0 165 0 2 0 167 0 166 0 168 0 2 0 167 0 2 0 169 0 168 0 170 0 2 0 169 0 2 0 171 0 170 0 172 0 2 0 171 0 2 0 173 0 172 0 174 0 2 0 173 0 2 0 175 0 174 0 176 0 2 0 175 0 2 0 177 0 176 0 178 0 2 0 177 0 2 0 179 0 178 0 180 0 2 0 179 0 2 0 181 0 180 0 182 0 2 0 181 0 2 0 183 0 182 0 184 0 2 0 183 0 2 0 185 0 184 0 186 0 2 0 185 0 2 0 187 0 186 0 188 0 2 0 187 0 2 0 189 0 188 0 190 0 2 0 189 0 2 0 191 0 190 0 192 0 2 0 191 0 2 0 193 0 192 0 194 0 2 0 193 0 2 0 195 0 194 0 196 0 2 0 195 0 2 0 197 0 196 0 198 0 2 0 197 0 2 0 199 0 198 0 200 0 2 0 199 0 2 0 201 0 200 0 202 0 2 0 201 0 2 0 203 0 202 0 204 0 2 0 203 0 2 0 205 0 204 0 206 0 2 0 205 0 2 0 207 0 206 0 208 0 2 0 207 0 2 0 209 0 208 0 210 0 2 0 209 0 2 0 211 0 210 0 212 0 2 0 211 0 2 0 213 0 212 0 214 0 2 0 213 0 2 0 215 0 214 0 216 0 2 0 215 0 2 0 217 0 216 0 218 0 2 0 217 0 2 0 219 0 218 0 220 0 2 0 219 0 2 0 221 0 220 0 222 0 2 0 221 0 2 0 223 0 222 0 224 0 2 0 223 0 2 0 225 0 224 0 226 0 2 0 225 0 2 0 227 0 226 0 228 0 2 0 227 0 2 0 229 0 228 0 230 0 2 0 229 0 2 0 231 0 230 0 232 0 2 0 231 0 2 0 233 0 232 0 234 0 2 0 233 0 2 0 235 0 234 0 236 0 2 0 235 0 2 0 237 0 236 0 238 0 2 0 237 0 2 0 239 0 238 0 240 0 2 0 239 0 2 0 241 0 240 0 242 0 2 0 241 0 2 0 243 0 242 0 244 0 2 0 243 0 2 0 245 0 244 0 246 0 2 0 245 0 2 0 247 0 246 0 248 0 2 0 247 0 2 0 249 0 248 0 250 0 2 0 249 0 2 0 251 0 250 0 252 0 2 0 251 0 2 0 253 0 252 0 254 0 2 0 253 0 2 0 255 0 254 0 256 0 2 0 255 0 2 0 257 0 256 0 258 0 2 0 257 0 2 0 259 0 258 0 260 0 2 0 259 0 2 0 261 0 260 0 262 0 2 0 261 0 2 0 263 0 262 0 264 0 2 0 263 0 2 0 265 0 264 0 266 0 2 0 265 0 2 0 267 0 266 0 268 0 2 0 267 0 2 0 269 0 268 0 270 0 2 0 269 0 2 0 271 0 270 0 272 0 2 0 271 0 2 0 273 0 272 0 274 0 2 0 273 0 2 0 275 0 274 0 276 0 2 0 275 0 2 0 277 0 276 0 278 0 2 0 277 0 2 0 279 0 278 0 280 0 2 0 279 0 2 0 281 0 280 0 282 0 2 0 281 0 2 0 283 0 282 0 284 0 2 0 283 0 2 0 285 0 284 0 286 0 2 0 285 0 2 0 287 0 286 0 288 0 2 0 287 0 2 0 289 0 288 0 290 0 2 0 289 0 2 0 291 0 290 0 292 0 2 0 291 0 2 0 293 0 292 0 294 0 2 0 293 0 2 0 295 0 294 0 296 0 2 0 295 0 2 0 297 0 296 0 298 0 2 0 297 0 2 0 299 0 298 0 300 0 2 0 299 0 2 0 301 0 300 0 302 0 2 0 301 0 2 0 303 0 302 0 304 0 2 0 303 0 2 0 305 0 304 0 306 0 2 0 305 0 2 0 307 0 306 0 308 0 2 0 307 0 2 0 309 0 308 0 310 0 2 0 309 0 2 0 311 0 310 0 312 0 2 0 311 0 2 0 313 0 312 0 314 0 2 0 313 0 2 0 315 0 314 0 316 0 2 0 315 0 2 0 317 0 316 0 318 0 2 0 317 0 2 0 319 0 318 0 320 0 2 0 319 0 2 0 321 0 320 0 322 0 2 0 321 0 2 0 323 0 322 0 324 0 2 0 323 0 2 0 325 0 324 0 326 0 2 0 325 0 2 0 327 0 326 0 328 0 2 0 327 0 2 0 329 0 328 0 330 0 2 0 329 0 2 0 331 0 330 0 332 0 2 0 331 0 2 0 333 0 332 0 334 0 2 0 333 0 2 0 335 0 334 0 336 0 2 0 335 0 2 0 337 0 336 0 338 0 2 0 337 0 2 0 339 0 338 0 340 0 2 0 339 0 2 0 341 0 340 0 342 0 2 0 341 0 2 0 343 0 342 0 344 0 2 0 343 0 2 0 345 0 344 0 346 0 2 0 345 0 2 0 347 0 346 0 348 0 2 0 347 0 2 0 349 0 348 0 350 0 2 0 349 0 2 0 4 0 350 0 118 0 2 0 236 0 351 0 352 0 352 0 353 0 118 0 351 0 354 0 352 0 352 0 355 0 353 0 354 0 356 0 352 0 352 0 357 0 355 0 356 0 358 0 352 0 352 0 359 0 357 0 358 0 360 0 352 0 352 0 361 0 359 0 360 0 362 0 352 0 352 0 363 0 361 0 362 0 364 0 352 0 352 0 365 0 363 0 364 0 366 0 352 0 352 0 367 0 365 0 366 0 368 0 352 0 352 0 369 0 367 0 368 0 370 0 352 0 352 0 371 0 369 0 370 0 372 0 352 0 352 0 373 0 371 0 372 0 374 0 352 0 352 0 375 0 373 0 374 0 376 0 352 0 352 0 377 0 375 0 376 0 378 0 352 0 352 0 379 0 377 0 378 0 380 0 352 0 352 0 381 0 379 0 380 0 382 0 352 0 352 0 383 0 381 0 382 0 384 0 352 0 352 0 385 0 383 0 384 0 386 0 352 0 352 0 387 0 385 0 386 0 388 0 352 0 352 0 389 0 387 0 388 0 390 0 352 0 352 0 391 0 389 0 390 0 392 0 352 0 352 0 393 0 391 0 392 0 394 0 352 0 352 0 395 0 393 0 394 0 396 0 352 0 352 0 397 0 395 0 396 0 398 0 352 0 352 0 399 0 397 0 398 0 400 0 352 0 352 0 401 0 399 0 400 0 402 0 352 0 352 0 403 0 401 0 402 0 404 0 352 0 352 0 405 0 403 0 404 0 406 0 352 0 352 0 407 0 405 0 406 0 408 0 352 0 352 0 409 0 407 0 408 0 410 0 352 0 352 0 411 0 409 0 410 0 412 0 352 0 352 0 413 0 411 0 412 0 414 0 352 0 352 0 415 0 413 0 414 0 416 0 352 0 352 0 417 0 415 0 416 0 418 0 352 0 352 0 419 0 417 0 418 0 420 0 352 0 352 0 421 0 419 0 420 0 422 0 352 0 352 0 423 0 421 0 422 0 424 0 352 0 352 0 425 0 423 0 424 0 426 0 352 0 352 0 427 0 425 0 426 0 428 0 352 0 352 0 429 0 427 0 428 0 430 0 352 0 352 0 431 0 429 0 430 0 432 0 352 0 352 0 433 0 431 0 432 0 434 0 352 0 352 0 435 0 433 0 434 0 436 0 352 0 352 0 437 0 435 0 436 0 438 0 352 0 352 0 439 0 437 0 438 0 440 0 352 0 352 0 441 0 439 0 440 0 442 0 352 0 352 0 443 0 441 0 442 0 444 0 352 0 352 0 445 0 443 0 444 0 446 0 352 0 352 0 447 0 445 0 446 0 448 0 352 0 352 0 449 0 447 0 448 0 450 0 352 0 352 0 451 0 449 0 450 0 452 0 352 0 352 0 453 0 451 0 452 0 454 0 352 0 352 0 455 0 453 0 454 0 456 0 352 0 352 0 457 0 455 0 456 0 458 0 352 0 352 0 459 0 457 0 458 0 460 0 352 0 352 0 461 0 459 0 460 0 462 0 352 0 352 0 463 0 461 0 462 0 464 0 352 0 352 0 465 0 463 0 464 0 466 0 352 0 352 0 467 0 465 0 466 0 468 0 352 0 352 0 469 0 467 0 236 0 352 0 238 0 468 0 470 0 352 0 238 0 352 0 240 0 470 0 471 0 352 0 240 0 352 0 242 0 471 0 472 0 352 0 242 0 352 0 244 0 472 0 473 0 352 0 244 0 352 0 246 0 473 0 474 0 352 0 246 0 352 0 248 0 474 0 475 0 352 0 248 0 352 0 250 0 475 0 476 0 352 0 250 0 352 0 252 0 476 0 477 0 352 0 252 0 352 0 254 0 477 0 478 0 352 0 254 0 352 0 256 0 478 0 479 0 352 0 256 0 352 0 258 0 479 0 480 0 352 0 258 0 352 0 260 0 480 0 481 0 352 0 260 0 352 0 262 0 481 0 482 0 352 0 262 0 352 0 264 0 482 0 483 0 352 0 264 0 352 0 266 0 483 0 484 0 352 0 266 0 352 0 268 0 484 0 485 0 352 0 268 0 352 0 270 0 485 0 486 0 352 0 270 0 352 0 272 0 486 0 487 0 352 0 272 0 352 0 274 0 487 0 488 0 352 0 274 0 352 0 276 0 488 0 489 0 352 0 276 0 352 0 278 0 489 0 490 0 352 0 278 0 352 0 280 0 490 0 491 0 352 0 280 0 352 0 282 0 491 0 492 0 352 0 282 0 352 0 284 0 492 0 493 0 352 0 284 0 352 0 286 0 493 0 494 0 352 0 286 0 352 0 288 0 494 0 495 0 352 0 288 0 352 0 290 0 495 0 496 0 352 0 290 0 352 0 292 0 496 0 497 0 352 0 292 0 352 0 294 0 497 0 498 0 352 0 294 0 352 0 296 0 498 0 499 0 352 0 296 0 352 0 298 0 499 0 500 0 352 0 298 0 352 0 300 0 500 0 501 0 352 0 300 0 352 0 302 0 501 0 502 0 352 0 302 0 352 0 304 0 502 0 503 0 352 0 304 0 352 0 306 0 503 0 504 0 352 0 306 0 352 0 308 0 504 0 505 0 352 0 308 0 352 0 310 0 505 0 506 0 352 0 310 0 352 0 312 0 506 0 507 0 352 0 312 0 352 0 314 0 507 0 508 0 352 0 314 0 352 0 316 0 508 0 509 0 352 0 316 0 352 0 318 0 509 0 510 0 352 0 318 0 352 0 320 0 510 0 511 0 352 0 320 0 352 0 322 0 511 0 512 0 352 0 322 0 352 0 324 0 512 0 513 0 352 0 324 0 352 0 326 0 513 0 514 0 352 0 326 0 352 0 328 0 514 0 515 0 352 0 328 0 352 0 330 0 515 0 516 0 352 0 330 0 352 0 332 0 516 0 517 0 352 0 332 0 352 0 334 0 517 0 518 0 352 0 334 0 352 0 336 0 518 0 519 0 352 0 336 0 352 0 338 0 519 0 520 0 352 0 338 0 352 0 340 0 520 0 521 0 352 0 340 0 352 0 342 0 521 0 522 0 352 0 342 0 352 0 344 0 522 0 523 0 352 0 344 0 352 0 346 0 523 0 524 0 352 0 346 0 352 0 348 0 524 0 525 0 352 0 348 0 352 0 350 0 525 0 526 0 352 0 350 0 352 0 118 0 526 0 469 0 352 0 353 0 355 0 527 0 527 0 528 0 529 0 355 0 357 0 527 0 527 0 530 0 528 0 357 0 359 0 527 0 527 0 531 0 530 0 359 0 361 0 527 0 527 0 532 0 531 0 361 0 363 0 527 0 527 0 533 0 532 0 363 0 365 0 527 0 527 0 534 0 533 0 365 0 367 0 527 0 527 0 535 0 534 0 367 0 369 0 527 0 527 0 536 0 535 0 369 0 371 0 527 0 527 0 537 0 536 0 371 0 373 0 527 0 527 0 538 0 537 0 373 0 375 0 527 0 527 0 539 0 538 0 375 0 377 0 527 0 527 0 540 0 539 0 377 0 379 0 527 0 527 0 541 0 540 0 379 0 381 0 527 0 527 0 542 0 541 0 381 0 383 0 527 0 527 0 543 0 542 0 383 0 385 0 527 0 527 0 544 0 543 0 385 0 387 0 527 0 527 0 545 0 544 0 387 0 389 0 527 0 527 0 546 0 545 0 389 0 391 0 527 0 527 0 547 0 546 0 391 0 393 0 527 0 527 0 548 0 547 0 393 0 395 0 527 0 527 0 549 0 548 0 395 0 397 0 527 0 527 0 550 0 549 0 397 0 399 0 527 0 527 0 551 0 550 0 399 0 401 0 527 0 527 0 552 0 551 0 401 0 403 0 527 0 527 0 553 0 552 0 403 0 405 0 527 0 527 0 554 0 553 0 405 0 407 0 527 0 527 0 555 0 554 0 407 0 409 0 527 0 527 0 556 0 555 0 409 0 411 0 527 0 527 0 557 0 556 0 411 0 413 0 527 0 527 0 558 0 557 0 413 0 415 0 527 0 527 0 559 0 558 0 415 0 417 0 527 0 527 0 560 0 559 0 417 0 419 0 527 0 527 0 561 0 560 0 419 0 421 0 527 0 527 0 562 0 561 0 421 0 423 0 527 0 527 0 563 0 562 0 423 0 425 0 527 0 527 0 564 0 563 0 425 0 427 0 527 0 527 0 565 0 564 0 427 0 429 0 527 0 527 0 566 0 565 0 429 0 431 0 527 0 527 0 567 0 566 0 431 0 433 0 527 0 527 0 568 0 567 0 433 0 435 0 527 0 527 0 569 0 568 0 435 0 437 0 527 0 527 0 570 0 569 0 437 0 439 0 527 0 527 0 571 0 570 0 439 0 441 0 527 0 527 0 572 0 571 0 441 0 443 0 527 0 527 0 573 0 572 0 443 0 445 0 527 0 527 0 574 0 573 0 445 0 447 0 527 0 527 0 575 0 574 0 447 0 449 0 527 0 527 0 576 0 575 0 449 0 451 0 527 0 527 0 577 0 576 0 451 0 453 0 527 0 527 0 578 0 577 0 453 0 455 0 527 0 527 0 579 0 578 0 455 0 457 0 527 0 527 0 580 0 579 0 457 0 459 0 527 0 527 0 581 0 580 0 459 0 461 0 527 0 527 0 582 0 581 0 461 0 463 0 527 0 527 0 583 0 582 0 463 0 465 0 527 0 527 0 584 0 583 0 465 0 467 0 527 0 527 0 585 0 584 0 467 0 469 0 527 0 527 0 586 0 585 0 353 0 527 0 587 0 469 0 588 0 527 0 587 0 527 0 589 0 588 0 590 0 527 0 589 0 527 0 591 0 590 0 592 0 527 0 591 0 527 0 593 0 592 0 594 0 527 0 593 0 527 0 595 0 594 0 596 0 527 0 595 0 527 0 597 0 596 0 598 0 527 0 597 0 527 0 599 0 598 0 600 0 527 0 599 0 527 0 601 0 600 0 602 0 527 0 601 0 527 0 603 0 602 0 604 0 527 0 603 0 527 0 605 0 604 0 606 0 527 0 605 0 527 0 607 0 606 0 608 0 527 0 607 0 527 0 609 0 608 0 610 0 527 0 609 0 527 0 611 0 610 0 612 0 527 0 611 0 527 0 613 0 612 0 614 0 527 0 613 0 527 0 615 0 614 0 616 0 527 0 615 0 527 0 617 0 616 0 618 0 527 0 617 0 527 0 619 0 618 0 620 0 527 0 619 0 527 0 621 0 620 0 622 0 527 0 621 0 527 0 623 0 622 0 624 0 527 0 623 0 527 0 625 0 624 0 626 0 527 0 625 0 527 0 627 0 626 0 628 0 527 0 627 0 527 0 629 0 628 0 630 0 527 0 629 0 527 0 631 0 630 0 632 0 527 0 631 0 527 0 633 0 632 0 634 0 527 0 633 0 527 0 635 0 634 0 636 0 527 0 635 0 527 0 637 0 636 0 638 0 527 0 637 0 527 0 639 0 638 0 640 0 527 0 639 0 527 0 641 0 640 0 642 0 527 0 641 0 527 0 643 0 642 0 644 0 527 0 643 0 527 0 645 0 644 0 646 0 527 0 645 0 527 0 647 0 646 0 648 0 527 0 647 0 527 0 649 0 648 0 650 0 527 0 649 0 527 0 651 0 650 0 652 0 527 0 651 0 527 0 653 0 652 0 654 0 527 0 653 0 527 0 655 0 654 0 656 0 527 0 655 0 527 0 657 0 656 0 658 0 527 0 657 0 527 0 659 0 658 0 660 0 527 0 659 0 527 0 661 0 660 0 662 0 527 0 661 0 527 0 663 0 662 0 664 0 527 0 663 0 527 0 665 0 664 0 666 0 527 0 665 0 527 0 667 0 666 0 668 0 527 0 667 0 527 0 669 0 668 0 670 0 527 0 669 0 527 0 671 0 670 0 672 0 527 0 671 0 527 0 673 0 672 0 674 0 527 0 673 0 527 0 675 0 674 0 676 0 527 0 675 0 527 0 677 0 676 0 678 0 527 0 677 0 527 0 679 0 678 0 680 0 527 0 679 0 527 0 681 0 680 0 682 0 527 0 681 0 527 0 683 0 682 0 684 0 527 0 683 0 527 0 685 0 684 0 686 0 527 0 685 0 527 0 687 0 686 0 688 0 527 0 687 0 527 0 689 0 688 0 690 0 527 0 689 0 527 0 691 0 690 0 692 0 527 0 691 0 527 0 693 0 692 0 694 0 527 0 693 0 527 0 695 0 694 0 696 0 527 0 695 0 527 0 697 0 696 0 698 0 527 0 697 0 527 0 699 0 698 0 700 0 527 0 699 0 527 0 701 0 700 0 702 0 527 0 701 0 527 0 703 0 702 0 704 0 527 0 703 0 527 0 705 0 704 0 706 0 527 0 705 0 527 0 707 0 706 0 708 0 527 0 707 0 527 0 709 0 708 0 710 0 527 0 709 0 527 0 711 0 710 0 712 0 527 0 711 0 527 0 713 0 712 0 714 0 527 0 713 0 527 0 715 0 714 0 716 0 527 0 715 0 527 0 717 0 716 0 718 0 527 0 717 0 527 0 719 0 718 0 720 0 527 0 719 0 527 0 721 0 720 0 722 0 527 0 721 0 527 0 723 0 722 0 724 0 527 0 723 0 527 0 725 0 724 0 726 0 527 0 725 0 527 0 727 0 726 0 728 0 527 0 727 0 527 0 729 0 728 0 730 0 527 0 729 0 527 0 731 0 730 0 732 0 527 0 731 0 527 0 733 0 732 0 734 0 527 0 733 0 527 0 735 0 734 0 736 0 527 0 735 0 527 0 737 0 736 0 738 0 527 0 737 0 527 0 739 0 738 0 740 0 527 0 739 0 527 0 741 0 740 0 742 0 527 0 741 0 527 0 743 0 742 0 744 0 527 0 743 0 527 0 745 0 744 0 746 0 527 0 745 0 527 0 747 0 746 0 748 0 527 0 747 0 527 0 749 0 748 0 750 0 527 0 749 0 527 0 751 0 750 0 752 0 527 0 751 0 527 0 753 0 752 0 754 0 527 0 753 0 527 0 755 0 754 0 756 0 527 0 755 0 527 0 757 0 756 0 758 0 527 0 757 0 527 0 759 0 758 0 760 0 527 0 759 0 527 0 761 0 760 0 762 0 527 0 761 0 527 0 763 0 762 0 764 0 527 0 763 0 527 0 765 0 764 0 766 0 527 0 765 0 527 0 767 0 766 0 768 0 527 0 767 0 527 0 769 0 768 0 770 0 527 0 769 0 527 0 771 0 770 0 772 0 527 0 771 0 527 0 773 0 772 0 774 0 527 0 773 0 527 0 775 0 774 0 776 0 527 0 775 0 527 0 777 0 776 0 778 0 527 0 777 0 527 0 779 0 778 0 780 0 527 0 779 0 527 0 781 0 780 0 782 0 527 0 781 0 527 0 783 0 782 0 784 0 527 0 783 0 527 0 785 0 784 0 786 0 527 0 785 0 527 0 787 0 786 0 788 0 527 0 787 0 527 0 789 0 788 0 790 0 527 0 789 0 527 0 791 0 790 0 792 0 527 0 791 0 527 0 793 0 792 0 794 0 527 0 793 0 527 0 795 0 794 0 796 0 527 0 795 0 527 0 797 0 796 0 798 0 527 0 797 0 527 0 799 0 798 0 800 0 527 0 799 0 527 0 801 0 800 0 802 0 527 0 801 0 527 0 803 0 802 0 804 0 527 0 803 0 527 0 805 0 804 0 806 0 527 0 805 0 527 0 807 0 806 0 808 0 527 0 807 0 527 0 809 0 808 0 810 0 527 0 809 0 527 0 811 0 810 0 812 0 527 0 811 0 527 0 813 0 812 0 814 0 527 0 813 0 527 0 815 0 814 0 816 0 527 0 815 0 527 0 817 0 816 0 818 0 527 0 817 0 527 0 819 0 818 0 820 0 527 0 819 0 527 0 529 0 820 0 586 0 527 0 821 0 822 0 823 0 823 0 824 0 825 0 822 0 826 0 823 0 823 0 827 0 824 0 826 0 828 0 823 0 823 0 829 0 827 0 828 0 830 0 823 0 823 0 831 0 829 0 830 0 832 0 823 0 823 0 833 0 831 0 832 0 834 0 823 0 823 0 835 0 833 0 834 0 836 0 823 0 823 0 837 0 835 0 836 0 838 0 823 0 823 0 839 0 837 0 838 0 840 0 823 0 823 0 841 0 839 0 840 0 842 0 823 0 823 0 843 0 841 0 842 0 844 0 823 0 823 0 845 0 843 0 844 0 846 0 823 0 823 0 847 0 845 0 846 0 848 0 823 0 823 0 849 0 847 0 848 0 850 0 823 0 823 0 851 0 849 0 850 0 852 0 823 0 823 0 853 0 851 0 852 0 854 0 823 0 823 0 855 0 853 0 854 0 856 0 823 0 823 0 857 0 855 0 856 0 858 0 823 0 823 0 859 0 857 0 858 0 860 0 823 0 823 0 861 0 859 0 860 0 862 0 823 0 823 0 863 0 861 0 862 0 864 0 823 0 823 0 865 0 863 0 864 0 866 0 823 0 823 0 867 0 865 0 866 0 868 0 823 0 823 0 869 0 867 0 868 0 870 0 823 0 823 0 871 0 869 0 870 0 872 0 823 0 823 0 873 0 871 0 872 0 874 0 823 0 823 0 875 0 873 0 874 0 876 0 823 0 823 0 877 0 875 0 876 0 878 0 823 0 823 0 879 0 877 0 878 0 880 0 823 0 823 0 881 0 879 0 880 0 882 0 823 0 823 0 883 0 881 0 882 0 884 0 823 0 823 0 885 0 883 0 884 0 886 0 823 0 823 0 887 0 885 0 886 0 888 0 823 0 823 0 889 0 887 0 888 0 890 0 823 0 823 0 891 0 889 0 890 0 892 0 823 0 823 0 893 0 891 0 892 0 894 0 823 0 823 0 895 0 893 0 894 0 896 0 823 0 823 0 897 0 895 0 896 0 898 0 823 0 823 0 899 0 897 0 898 0 900 0 823 0 823 0 901 0 899 0 900 0 902 0 823 0 823 0 903 0 901 0 902 0 904 0 823 0 823 0 905 0 903 0 904 0 906 0 823 0 823 0 907 0 905 0 906 0 908 0 823 0 823 0 909 0 907 0 908 0 910 0 823 0 823 0 911 0 909 0 910 0 912 0 823 0 823 0 913 0 911 0 912 0 914 0 823 0 823 0 915 0 913 0 914 0 916 0 823 0 823 0 917 0 915 0 916 0 918 0 823 0 823 0 919 0 917 0 918 0 920 0 823 0 823 0 921 0 919 0 920 0 922 0 823 0 823 0 923 0 921 0 922 0 924 0 823 0 823 0 925 0 923 0 924 0 926 0 823 0 823 0 927 0 925 0 926 0 928 0 823 0 823 0 929 0 927 0 928 0 930 0 823 0 823 0 931 0 929 0 930 0 932 0 823 0 823 0 933 0 931 0 932 0 934 0 823 0 823 0 935 0 933 0 934 0 936 0 823 0 823 0 937 0 935 0 936 0 938 0 823 0 823 0 939 0 937 0 821 0 823 0 940 0 938 0 941 0 823 0 940 0 823 0 942 0 941 0 943 0 823 0 942 0 823 0 944 0 943 0 945 0 823 0 944 0 823 0 946 0 945 0 947 0 823 0 946 0 823 0 948 0 947 0 949 0 823 0 948 0 823 0 950 0 949 0 951 0 823 0 950 0 823 0 952 0 951 0 953 0 823 0 952 0 823 0 954 0 953 0 955 0 823 0 954 0 823 0 956 0 955 0 957 0 823 0 956 0 823 0 958 0 957 0 959 0 823 0 958 0 823 0 960 0 959 0 961 0 823 0 960 0 823 0 962 0 961 0 963 0 823 0 962 0 823 0 964 0 963 0 965 0 823 0 964 0 823 0 966 0 965 0 967 0 823 0 966 0 823 0 968 0 967 0 969 0 823 0 968 0 823 0 970 0 969 0 971 0 823 0 970 0 823 0 972 0 971 0 973 0 823 0 972 0 823 0 974 0 973 0 975 0 823 0 974 0 823 0 976 0 975 0 977 0 823 0 976 0 823 0 978 0 977 0 979 0 823 0 978 0 823 0 980 0 979 0 981 0 823 0 980 0 823 0 982 0 981 0 983 0 823 0 982 0 823 0 984 0 983 0 985 0 823 0 984 0 823 0 986 0 985 0 987 0 823 0 986 0 823 0 988 0 987 0 989 0 823 0 988 0 823 0 990 0 989 0 991 0 823 0 990 0 823 0 992 0 991 0 993 0 823 0 992 0 823 0 994 0 993 0 995 0 823 0 994 0 823 0 996 0 995 0 997 0 823 0 996 0 823 0 998 0 997 0 999 0 823 0 998 0 823 0 1000 0 999 0 1001 0 823 0 1000 0 823 0 1002 0 1001 0 1003 0 823 0 1002 0 823 0 1004 0 1003 0 1005 0 823 0 1004 0 823 0 1006 0 1005 0 1007 0 823 0 1006 0 823 0 1008 0 1007 0 1009 0 823 0 1008 0 823 0 1010 0 1009 0 1011 0 823 0 1010 0 823 0 1012 0 1011 0 1013 0 823 0 1012 0 823 0 1014 0 1013 0 1015 0 823 0 1014 0 823 0 1016 0 1015 0 1017 0 823 0 1016 0 823 0 1018 0 1017 0 1019 0 823 0 1018 0 823 0 1020 0 1019 0 1021 0 823 0 1020 0 823 0 1022 0 1021 0 1023 0 823 0 1022 0 823 0 1024 0 1023 0 1025 0 823 0 1024 0 823 0 1026 0 1025 0 1027 0 823 0 1026 0 823 0 1028 0 1027 0 1029 0 823 0 1028 0 823 0 1030 0 1029 0 1031 0 823 0 1030 0 823 0 1032 0 1031 0 1033 0 823 0 1032 0 823 0 1034 0 1033 0 1035 0 823 0 1034 0 823 0 1036 0 1035 0 1037 0 823 0 1036 0 823 0 1038 0 1037 0 1039 0 823 0 1038 0 823 0 1040 0 1039 0 1041 0 823 0 1040 0 823 0 1042 0 1041 0 1043 0 823 0 1042 0 823 0 1044 0 1043 0 1045 0 823 0 1044 0 823 0 1046 0 1045 0 1047 0 823 0 1046 0 823 0 1048 0 1047 0 1049 0 823 0 1048 0 823 0 1050 0 1049 0 1051 0 823 0 1050 0 823 0 1052 0 1051 0 1053 0 823 0 1052 0 823 0 825 0 1053 0 939 0 823 0 1054 0 1055 0 1056 0 1056 0 1057 0 1058 0 1055 0 1059 0 1056 0 1056 0 1060 0 1057 0 1059 0 1061 0 1056 0 1056 0 1062 0 1060 0 1061 0 1063 0 1056 0 1056 0 1064 0 1062 0 1063 0 1065 0 1056 0 1056 0 1066 0 1064 0 1065 0 1067 0 1056 0 1056 0 1068 0 1066 0 1067 0 1069 0 1056 0 1056 0 1070 0 1068 0 1069 0 1071 0 1056 0 1056 0 1072 0 1070 0 1071 0 1073 0 1056 0 1056 0 1074 0 1072 0 1073 0 1075 0 1056 0 1056 0 1076 0 1074 0 1075 0 1077 0 1056 0 1056 0 1078 0 1076 0 1077 0 1079 0 1056 0 1056 0 1080 0 1078 0 1079 0 1081 0 1056 0 1056 0 1082 0 1080 0 1081 0 1083 0 1056 0 1056 0 1084 0 1082 0 1083 0 1085 0 1056 0 1056 0 1086 0 1084 0 1085 0 1087 0 1056 0 1056 0 1088 0 1086 0 1087 0 1089 0 1056 0 1056 0 1090 0 1088 0 1089 0 1091 0 1056 0 1056 0 1092 0 1090 0 1091 0 1093 0 1056 0 1056 0 1094 0 1092 0 1093 0 1095 0 1056 0 1056 0 1096 0 1094 0 1095 0 1097 0 1056 0 1056 0 1098 0 1096 0 1097 0 1099 0 1056 0 1056 0 1100 0 1098 0 1099 0 1101 0 1056 0 1056 0 1102 0 1100 0 1101 0 1103 0 1056 0 1056 0 1104 0 1102 0 1103 0 1105 0 1056 0 1056 0 1106 0 1104 0 1105 0 1107 0 1056 0 1056 0 1108 0 1106 0 1107 0 1109 0 1056 0 1056 0 1110 0 1108 0 1109 0 1111 0 1056 0 1056 0 1112 0 1110 0 1111 0 1113 0 1056 0 1056 0 1114 0 1112 0 1113 0 1115 0 1056 0 1056 0 1116 0 1114 0 1115 0 1117 0 1056 0 1056 0 1118 0 1116 0 1117 0 1119 0 1056 0 1056 0 1120 0 1118 0 1119 0 1121 0 1056 0 1056 0 1122 0 1120 0 1121 0 1123 0 1056 0 1056 0 1124 0 1122 0 1123 0 1125 0 1056 0 1056 0 1126 0 1124 0 1125 0 1127 0 1056 0 1056 0 1128 0 1126 0 1127 0 1129 0 1056 0 1056 0 1130 0 1128 0 1129 0 1131 0 1056 0 1056 0 1132 0 1130 0 1131 0 1133 0 1056 0 1056 0 1134 0 1132 0 1133 0 1135 0 1056 0 1056 0 1136 0 1134 0 1135 0 1137 0 1056 0 1056 0 1138 0 1136 0 1137 0 1139 0 1056 0 1056 0 1140 0 1138 0 1139 0 1141 0 1056 0 1056 0 1142 0 1140 0 1141 0 1143 0 1056 0 1056 0 1144 0 1142 0 1143 0 1145 0 1056 0 1056 0 1146 0 1144 0 1145 0 1147 0 1056 0 1056 0 1148 0 1146 0 1147 0 1149 0 1056 0 1056 0 1150 0 1148 0 1149 0 1151 0 1056 0 1056 0 1152 0 1150 0 1151 0 1153 0 1056 0 1056 0 1154 0 1152 0 1153 0 1155 0 1056 0 1056 0 1156 0 1154 0 1155 0 1157 0 1056 0 1056 0 1158 0 1156 0 1157 0 1159 0 1056 0 1056 0 1160 0 1158 0 1159 0 1161 0 1056 0 1056 0 1162 0 1160 0 1161 0 1163 0 1056 0 1056 0 1164 0 1162 0 1163 0 1165 0 1056 0 1056 0 1166 0 1164 0 1165 0 1167 0 1056 0 1056 0 1168 0 1166 0 1167 0 1169 0 1056 0 1056 0 1170 0 1168 0 1169 0 1171 0 1056 0 1056 0 1172 0 1170 0 1054 0 1056 0 1173 0 1171 0 1174 0 1056 0 1173 0 1056 0 1175 0 1174 0 1176 0 1056 0 1175 0 1056 0 1177 0 1176 0 1178 0 1056 0 1177 0 1056 0 1179 0 1178 0 1180 0 1056 0 1179 0 1056 0 1181 0 1180 0 1182 0 1056 0 1181 0 1056 0 1183 0 1182 0 1184 0 1056 0 1183 0 1056 0 1185 0 1184 0 1186 0 1056 0 1185 0 1056 0 1187 0 1186 0 1188 0 1056 0 1187 0 1056 0 1189 0 1188 0 1190 0 1056 0 1189 0 1056 0 1191 0 1190 0 1192 0 1056 0 1191 0 1056 0 1193 0 1192 0 1194 0 1056 0 1193 0 1056 0 1195 0 1194 0 1196 0 1056 0 1195 0 1056 0 1197 0 1196 0 1198 0 1056 0 1197 0 1056 0 1199 0 1198 0 1200 0 1056 0 1199 0 1056 0 1201 0 1200 0 1202 0 1056 0 1201 0 1056 0 1203 0 1202 0 1204 0 1056 0 1203 0 1056 0 1205 0 1204 0 1206 0 1056 0 1205 0 1056 0 1207 0 1206 0 1208 0 1056 0 1207 0 1056 0 1209 0 1208 0 1210 0 1056 0 1209 0 1056 0 1211 0 1210 0 1212 0 1056 0 1211 0 1056 0 1213 0 1212 0 1214 0 1056 0 1213 0 1056 0 1215 0 1214 0 1216 0 1056 0 1215 0 1056 0 1217 0 1216 0 1218 0 1056 0 1217 0 1056 0 1219 0 1218 0 1220 0 1056 0 1219 0 1056 0 1221 0 1220 0 1222 0 1056 0 1221 0 1056 0 1223 0 1222 0 1224 0 1056 0 1223 0 1056 0 1225 0 1224 0 1226 0 1056 0 1225 0 1056 0 1227 0 1226 0 1228 0 1056 0 1227 0 1056 0 1229 0 1228 0 1230 0 1056 0 1229 0 1056 0 1231 0 1230 0 1232 0 1056 0 1231 0 1056 0 1233 0 1232 0 1234 0 1056 0 1233 0 1056 0 1235 0 1234 0 1236 0 1056 0 1235 0 1056 0 1237 0 1236 0 1238 0 1056 0 1237 0 1056 0 1239 0 1238 0 1240 0 1056 0 1239 0 1056 0 1241 0 1240 0 1242 0 1056 0 1241 0 1056 0 1243 0 1242 0 1244 0 1056 0 1243 0 1056 0 1245 0 1244 0 1246 0 1056 0 1245 0 1056 0 1247 0 1246 0 1248 0 1056 0 1247 0 1056 0 1249 0 1248 0 1250 0 1056 0 1249 0 1056 0 1251 0 1250 0 1252 0 1056 0 1251 0 1056 0 1253 0 1252 0 1254 0 1056 0 1253 0 1056 0 1255 0 1254 0 1256 0 1056 0 1255 0 1056 0 1257 0 1256 0 1258 0 1056 0 1257 0 1056 0 1259 0 1258 0 1260 0 1056 0 1259 0 1056 0 1261 0 1260 0 1262 0 1056 0 1261 0 1056 0 1263 0 1262 0 1264 0 1056 0 1263 0 1056 0 1265 0 1264 0 1266 0 1056 0 1265 0 1056 0 1267 0 1266 0 1268 0 1056 0 1267 0 1056 0 1269 0 1268 0 1270 0 1056 0 1269 0 1056 0 1271 0 1270 0 1272 0 1056 0 1271 0 1056 0 1273 0 1272 0 1274 0 1056 0 1273 0 1056 0 1275 0 1274 0 1276 0 1056 0 1275 0 1056 0 1277 0 1276 0 1278 0 1056 0 1277 0 1056 0 1279 0 1278 0 1280 0 1056 0 1279 0 1056 0 1281 0 1280 0 1282 0 1056 0 1281 0 1056 0 1283 0 1282 0 1284 0 1056 0 1283 0 1056 0 1285 0 1284 0 1286 0 1056 0 1285 0 1056 0 1058 0 1286 0 1172 0 1056 0 1287 0 1288 0 1289 0 1289 0 1290 0 1291 0 1288 0 1292 0 1289 0 1289 0 1293 0 1290 0 1292 0 1294 0 1289 0 1289 0 1295 0 1293 0 1294 0 1296 0 1289 0 1289 0 1297 0 1295 0 1296 0 1298 0 1289 0 1289 0 1299 0 1297 0 1298 0 1300 0 1289 0 1289 0 1301 0 1299 0 1300 0 1302 0 1289 0 1289 0 1303 0 1301 0 1302 0 1304 0 1289 0 1289 0 1305 0 1303 0 1304 0 1306 0 1289 0 1289 0 1307 0 1305 0 1306 0 1308 0 1289 0 1289 0 1309 0 1307 0 1308 0 1310 0 1289 0 1289 0 1311 0 1309 0 1310 0 1312 0 1289 0 1289 0 1313 0 1311 0 1312 0 1314 0 1289 0 1289 0 1315 0 1313 0 1314 0 1316 0 1289 0 1289 0 1317 0 1315 0 1316 0 1318 0 1289 0 1289 0 1319 0 1317 0 1318 0 1320 0 1289 0 1289 0 1321 0 1319 0 1320 0 1322 0 1289 0 1289 0 1323 0 1321 0 1322 0 1324 0 1289 0 1289 0 1325 0 1323 0 1324 0 1326 0 1289 0 1289 0 1327 0 1325 0 1326 0 1328 0 1289 0 1289 0 1329 0 1327 0 1328 0 1330 0 1289 0 1289 0 1331 0 1329 0 1330 0 1332 0 1289 0 1289 0 1333 0 1331 0 1332 0 1334 0 1289 0 1289 0 1335 0 1333 0 1334 0 1336 0 1289 0 1289 0 1337 0 1335 0 1336 0 1338 0 1289 0 1289 0 1339 0 1337 0 1338 0 1340 0 1289 0 1289 0 1341 0 1339 0 1340 0 1342 0 1289 0 1289 0 1343 0 1341 0 1342 0 1344 0 1289 0 1289 0 1345 0 1343 0 1344 0 1346 0 1289 0 1289 0 1347 0 1345 0 1346 0 1348 0 1289 0 1289 0 1349 0 1347 0 1348 0 1350 0 1289 0 1289 0 1351 0 1349 0 1350 0 1352 0 1289 0 1289 0 1353 0 1351 0 1352 0 1354 0 1289 0 1289 0 1355 0 1353 0 1354 0 1356 0 1289 0 1289 0 1357 0 1355 0 1356 0 1358 0 1289 0 1289 0 1359 0 1357 0 1358 0 1360 0 1289 0 1289 0 1361 0 1359 0 1360 0 1362 0 1289 0 1289 0 1363 0 1361 0 1362 0 1364 0 1289 0 1289 0 1365 0 1363 0 1364 0 1366 0 1289 0 1289 0 1367 0 1365 0 1366 0 1368 0 1289 0 1289 0 1369 0 1367 0 1368 0 1370 0 1289 0 1289 0 1371 0 1369 0 1370 0 1372 0 1289 0 1289 0 1373 0 1371 0 1372 0 1374 0 1289 0 1289 0 1375 0 1373 0 1374 0 1376 0 1289 0 1289 0 1377 0 1375 0 1376 0 1378 0 1289 0 1289 0 1379 0 1377 0 1378 0 1380 0 1289 0 1289 0 1381 0 1379 0 1380 0 1382 0 1289 0 1289 0 1383 0 1381 0 1382 0 1384 0 1289 0 1289 0 1385 0 1383 0 1384 0 1386 0 1289 0 1289 0 1387 0 1385 0 1386 0 1388 0 1289 0 1289 0 1389 0 1387 0 1388 0 1390 0 1289 0 1289 0 1391 0 1389 0 1390 0 1392 0 1289 0 1289 0 1393 0 1391 0 1392 0 1394 0 1289 0 1289 0 1395 0 1393 0 1394 0 1396 0 1289 0 1289 0 1397 0 1395 0 1396 0 1398 0 1289 0 1289 0 1399 0 1397 0 1398 0 1400 0 1289 0 1289 0 1401 0 1399 0 1400 0 1402 0 1289 0 1289 0 1403 0 1401 0 1402 0 1404 0 1289 0 1289 0 1405 0 1403 0 1404 0 705 0 1289 0 1289 0 529 0 1405 0 1287 0 1289 0 1406 0 705 0 707 0 1289 0 1406 0 1289 0 1407 0 707 0 709 0 1289 0 1407 0 1289 0 1408 0 709 0 711 0 1289 0 1408 0 1289 0 1409 0 711 0 713 0 1289 0 1409 0 1289 0 1410 0 713 0 715 0 1289 0 1410 0 1289 0 1411 0 715 0 717 0 1289 0 1411 0 1289 0 1412 0 717 0 719 0 1289 0 1412 0 1289 0 1413 0 719 0 721 0 1289 0 1413 0 1289 0 1414 0 721 0 723 0 1289 0 1414 0 1289 0 1415 0 723 0 725 0 1289 0 1415 0 1289 0 1416 0 725 0 727 0 1289 0 1416 0 1289 0 1417 0 727 0 729 0 1289 0 1417 0 1289 0 1418 0 729 0 731 0 1289 0 1418 0 1289 0 1419 0 731 0 733 0 1289 0 1419 0 1289 0 1420 0 733 0 735 0 1289 0 1420 0 1289 0 1421 0 735 0 737 0 1289 0 1421 0 1289 0 1422 0 737 0 739 0 1289 0 1422 0 1289 0 1423 0 739 0 741 0 1289 0 1423 0 1289 0 1424 0 741 0 743 0 1289 0 1424 0 1289 0 1425 0 743 0 745 0 1289 0 1425 0 1289 0 1426 0 745 0 747 0 1289 0 1426 0 1289 0 1427 0 747 0 749 0 1289 0 1427 0 1289 0 1428 0 749 0 751 0 1289 0 1428 0 1289 0 1429 0 751 0 753 0 1289 0 1429 0 1289 0 1430 0 753 0 755 0 1289 0 1430 0 1289 0 1431 0 755 0 757 0 1289 0 1431 0 1289 0 1432 0 757 0 759 0 1289 0 1432 0 1289 0 1433 0 759 0 761 0 1289 0 1433 0 1289 0 1434 0 761 0 763 0 1289 0 1434 0 1289 0 1435 0 763 0 765 0 1289 0 1435 0 1289 0 1436 0 765 0 767 0 1289 0 1436 0 1289 0 1437 0 767 0 769 0 1289 0 1437 0 1289 0 1438 0 769 0 771 0 1289 0 1438 0 1289 0 1439 0 771 0 773 0 1289 0 1439 0 1289 0 1440 0 773 0 775 0 1289 0 1440 0 1289 0 1441 0 775 0 777 0 1289 0 1441 0 1289 0 1442 0 777 0 779 0 1289 0 1442 0 1289 0 1443 0 779 0 781 0 1289 0 1443 0 1289 0 1444 0 781 0 783 0 1289 0 1444 0 1289 0 1445 0 783 0 785 0 1289 0 1445 0 1289 0 1446 0 785 0 787 0 1289 0 1446 0 1289 0 1447 0 787 0 789 0 1289 0 1447 0 1289 0 1448 0 789 0 791 0 1289 0 1448 0 1289 0 1449 0 791 0 793 0 1289 0 1449 0 1289 0 1450 0 793 0 795 0 1289 0 1450 0 1289 0 1451 0 795 0 797 0 1289 0 1451 0 1289 0 1452 0 797 0 799 0 1289 0 1452 0 1289 0 1453 0 799 0 801 0 1289 0 1453 0 1289 0 1454 0 801 0 803 0 1289 0 1454 0 1289 0 1455 0 803 0 805 0 1289 0 1455 0 1289 0 1456 0 805 0 807 0 1289 0 1456 0 1289 0 1457 0 807 0 809 0 1289 0 1457 0 1289 0 1458 0 809 0 811 0 1289 0 1458 0 1289 0 1459 0 811 0 813 0 1289 0 1459 0 1289 0 1460 0 813 0 815 0 1289 0 1460 0 1289 0 1461 0 815 0 817 0 1289 0 1461 0 1289 0 1462 0 817 0 819 0 1289 0 1462 0 1289 0 1291 0 819 0 529 0 1289 0 1463 1 0 1 1464 1 1463 2 1465 2 0 2 1465 2 1 2 0 2 1465 2 1466 2 1 2 1466 2 5 2 1 2 1466 2 1467 2 5 2 1467 2 7 2 5 2 1467 2 1468 2 7 2 1468 2 9 2 7 2 1468 2 1469 2 9 2 1469 2 11 2 9 2 1469 2 1470 2 11 2 1470 2 13 2 11 2 1470 2 1471 2 13 2 1471 2 15 2 13 2 1471 2 1472 2 15 2 1472 2 17 2 15 2 1472 2 1473 2 17 2 1473 2 19 2 17 2 1473 2 1474 2 19 2 1474 2 21 2 19 2 1474 2 1475 2 21 2 1475 2 23 2 21 2 1475 2 1476 2 23 2 1476 2 25 2 23 2 1476 2 1477 2 25 2 1477 2 27 2 25 2 1477 2 1478 2 27 2 1478 2 29 2 27 2 1478 2 1479 2 29 2 1479 3 31 3 29 3 1479 3 1480 3 31 3 1480 2 33 2 31 2 1480 2 1481 2 33 2 1481 2 35 2 33 2 1481 2 1482 2 35 2 1482 2 37 2 35 2 1482 2 1483 2 37 2 1483 2 39 2 37 2 1483 2 1484 2 39 2 1484 2 41 2 39 2 1484 2 1485 2 41 2 1485 2 43 2 41 2 1485 2 1486 2 43 2 1486 2 45 2 43 2 1486 2 1487 2 45 2 1487 2 47 2 45 2 1487 2 1488 2 47 2 1488 2 49 2 47 2 1488 2 1489 2 49 2 1489 2 51 2 49 2 1489 2 1490 2 51 2 1490 2 53 2 51 2 1490 2 1491 2 53 2 1491 2 55 2 53 2 1491 2 1492 2 55 2 1492 2 57 2 55 2 1492 2 1493 2 57 2 1493 2 59 2 57 2 1493 2 1494 2 59 2 1494 2 61 2 59 2 1494 2 1495 2 61 2 1495 2 63 2 61 2 1495 2 1496 2 63 2 1496 2 65 2 63 2 1496 2 1497 2 65 2 1497 2 67 2 65 2 1497 2 1498 2 67 2 1498 2 69 2 67 2 1498 2 1499 2 69 2 1499 2 71 2 69 2 1499 2 1500 2 71 2 1500 2 73 2 71 2 1500 2 1501 2 73 2 1501 2 75 2 73 2 1501 2 1502 2 75 2 1502 2 77 2 75 2 1502 2 1503 2 77 2 1503 2 79 2 77 2 1503 2 1504 2 79 2 1504 2 81 2 79 2 1504 2 1505 2 81 2 1505 2 83 2 81 2 1505 2 1506 2 83 2 1506 2 85 2 83 2 1506 2 1507 2 85 2 1507 2 87 2 85 2 1507 2 1508 2 87 2 1508 2 89 2 87 2 1508 2 1509 2 89 2 1509 2 91 2 89 2 1509 2 1510 2 91 2 1510 2 93 2 91 2 1510 2 1511 2 93 2 1511 2 95 2 93 2 1511 2 1512 2 95 2 1512 2 97 2 95 2 1512 2 1513 2 97 2 1513 3 99 3 97 3 1513 3 1514 3 99 3 1514 2 101 2 99 2 1514 2 1515 2 101 2 1515 2 103 2 101 2 1515 2 1516 2 103 2 1516 2 105 2 103 2 1516 2 1517 2 105 2 1517 2 107 2 105 2 1517 2 1518 2 107 2 1518 2 109 2 107 2 1518 2 1519 2 109 2 1519 2 111 2 109 2 1519 2 1520 2 111 2 1520 2 113 2 111 2 1520 2 1521 2 113 2 1521 2 115 2 113 2 1521 2 1522 2 115 2 1522 2 117 2 115 2 1522 2 1523 2 117 2 1523 4 1524 4 117 4 1464 1 119 1 1525 1 1464 1 0 1 119 1 117 5 1526 5 120 5 117 5 1524 5 1526 5 1525 1 121 1 1527 1 1525 1 119 1 121 1 120 5 1528 5 122 5 120 5 1526 5 1528 5 1527 1 123 1 1529 1 1527 1 121 1 123 1 122 5 1530 5 124 5 122 5 1528 5 1530 5 1529 1 125 1 1531 1 1529 1 123 1 125 1 124 5 1532 5 126 5 124 5 1530 5 1532 5 1531 1 127 1 1533 1 1531 1 125 1 127 1 126 5 1534 5 128 5 126 5 1532 5 1534 5 1533 1 129 1 1535 1 1533 1 127 1 129 1 128 5 1536 5 130 5 128 5 1534 5 1536 5 1535 1 131 1 1537 1 1535 1 129 1 131 1 130 5 1538 5 132 5 130 5 1536 5 1538 5 1537 1 133 1 1539 1 1537 1 131 1 133 1 132 5 1540 5 134 5 132 5 1538 5 1540 5 1539 1 135 1 1541 1 1539 1 133 1 135 1 134 5 1542 5 136 5 134 5 1540 5 1542 5 1541 1 137 1 1543 1 1541 1 135 1 137 1 136 5 1544 5 138 5 136 5 1542 5 1544 5 1543 1 139 1 1545 1 1543 1 137 1 139 1 138 5 1546 5 140 5 138 5 1544 5 1546 5 1545 1 141 1 1547 1 1545 1 139 1 141 1 140 5 1548 5 142 5 140 5 1546 5 1548 5 1547 1 143 1 1549 1 1547 1 141 1 143 1 142 5 1550 5 144 5 142 5 1548 5 1550 5 1549 1 145 1 1551 1 1549 1 143 1 145 1 144 5 1552 5 146 5 144 5 1550 5 1552 5 1551 6 147 6 1553 6 1551 6 145 6 147 6 146 7 1554 7 148 7 146 7 1552 7 1554 7 1553 1 149 1 1555 1 1553 1 147 1 149 1 148 5 1556 5 150 5 148 5 1554 5 1556 5 1555 1 151 1 1557 1 1555 1 149 1 151 1 150 5 1558 5 152 5 150 5 1556 5 1558 5 1557 1 153 1 1559 1 1557 1 151 1 153 1 152 5 1560 5 154 5 152 5 1558 5 1560 5 1559 1 155 1 1561 1 1559 1 153 1 155 1 154 5 1562 5 156 5 154 5 1560 5 1562 5 1561 1 157 1 1563 1 1561 1 155 1 157 1 156 5 1564 5 158 5 156 5 1562 5 1564 5 1563 1 159 1 1565 1 1563 1 157 1 159 1 158 5 1566 5 160 5 158 5 1564 5 1566 5 1565 1 161 1 1567 1 1565 1 159 1 161 1 160 5 1568 5 162 5 160 5 1566 5 1568 5 1567 1 163 1 1569 1 1567 1 161 1 163 1 162 5 1570 5 164 5 162 5 1568 5 1570 5 1569 1 165 1 1571 1 1569 1 163 1 165 1 164 5 1572 5 166 5 164 5 1570 5 1572 5 1571 1 167 1 1573 1 1571 1 165 1 167 1 166 5 1574 5 168 5 166 5 1572 5 1574 5 1573 1 169 1 1575 1 1573 1 167 1 169 1 168 5 1576 5 170 5 168 5 1574 5 1576 5 1575 1 171 1 1577 1 1575 1 169 1 171 1 170 5 1578 5 172 5 170 5 1576 5 1578 5 1577 1 173 1 1579 1 1577 1 171 1 173 1 172 5 1580 5 174 5 172 5 1578 5 1580 5 1579 1 175 1 1581 1 1579 1 173 1 175 1 174 5 1582 5 176 5 174 5 1580 5 1582 5 1581 1 177 1 1583 1 1581 1 175 1 177 1 176 5 1584 5 178 5 176 5 1582 5 1584 5 1583 1 179 1 1585 1 1583 1 177 1 179 1 178 5 1586 5 180 5 178 5 1584 5 1586 5 1585 1 181 1 1587 1 1585 1 179 1 181 1 180 5 1588 5 182 5 180 5 1586 5 1588 5 1587 1 183 1 1589 1 1587 1 181 1 183 1 182 5 1590 5 184 5 182 5 1588 5 1590 5 1589 1 185 1 1591 1 1589 1 183 1 185 1 184 5 1592 5 186 5 184 5 1590 5 1592 5 1591 1 187 1 1593 1 1591 1 185 1 187 1 186 5 1594 5 188 5 186 5 1592 5 1594 5 1593 1 189 1 1595 1 1593 1 187 1 189 1 188 5 1596 5 190 5 188 5 1594 5 1596 5 1595 6 191 6 1597 6 1595 6 189 6 191 6 190 7 1598 7 192 7 190 7 1596 7 1598 7 1597 1 193 1 1599 1 1597 1 191 1 193 1 192 5 1600 5 194 5 192 5 1598 5 1600 5 1599 1 195 1 1601 1 1599 1 193 1 195 1 194 5 1602 5 196 5 194 5 1600 5 1602 5 1601 1 197 1 1603 1 1601 1 195 1 197 1 196 5 1604 5 198 5 196 5 1602 5 1604 5 1603 1 199 1 1605 1 1603 1 197 1 199 1 198 5 1606 5 200 5 198 5 1604 5 1606 5 1605 1 201 1 1607 1 1605 1 199 1 201 1 200 5 1608 5 202 5 200 5 1606 5 1608 5 1607 1 203 1 1609 1 1607 1 201 1 203 1 202 5 1610 5 204 5 202 5 1608 5 1610 5 1609 1 205 1 1611 1 1609 1 203 1 205 1 204 5 1612 5 206 5 204 5 1610 5 1612 5 1611 1 207 1 1613 1 1611 1 205 1 207 1 206 5 1614 5 208 5 206 5 1612 5 1614 5 1613 1 209 1 1615 1 1613 1 207 1 209 1 208 5 1616 5 210 5 208 5 1614 5 1616 5 1615 1 211 1 1617 1 1615 1 209 1 211 1 210 5 1618 5 212 5 210 5 1616 5 1618 5 1617 1 213 1 1619 1 1617 1 211 1 213 1 212 5 1620 5 214 5 212 5 1618 5 1620 5 1619 1 215 1 1621 1 1619 1 213 1 215 1 214 5 1622 5 216 5 214 5 1620 5 1622 5 1621 1 217 1 1623 1 1621 1 215 1 217 1 216 5 1624 5 218 5 216 5 1622 5 1624 5 1623 1 219 1 1625 1 1623 1 217 1 219 1 218 5 1626 5 220 5 218 5 1624 5 1626 5 1625 1 221 1 1627 1 1625 1 219 1 221 1 220 5 1628 5 222 5 220 5 1626 5 1628 5 1627 1 223 1 1629 1 1627 1 221 1 223 1 222 5 1630 5 224 5 222 5 1628 5 1630 5 1629 6 225 6 1631 6 1629 6 223 6 225 6 224 7 1632 7 226 7 224 7 1630 7 1632 7 1631 1 227 1 1633 1 1631 1 225 1 227 1 226 5 1634 5 228 5 226 5 1632 5 1634 5 1633 1 229 1 1635 1 1633 1 227 1 229 1 228 5 1636 5 230 5 228 5 1634 5 1636 5 1635 1 231 1 1637 1 1635 1 229 1 231 1 230 5 1638 5 232 5 230 5 1636 5 1638 5 1637 1 233 1 1639 1 1637 1 231 1 233 1 232 5 1640 5 234 5 232 5 1638 5 1640 5 1639 1 235 1 1641 1 1639 1 233 1 235 1 234 0 351 0 236 0 234 4 1640 4 351 4 1640 2 354 2 351 2 1640 2 1642 2 354 2 1642 2 356 2 354 2 1642 2 1643 2 356 2 1643 2 358 2 356 2 1643 2 1644 2 358 2 1644 2 360 2 358 2 1644 2 1645 2 360 2 1645 2 362 2 360 2 1645 2 1646 2 362 2 1646 2 364 2 362 2 1646 2 1647 2 364 2 1647 2 366 2 364 2 1647 2 1648 2 366 2 1648 2 368 2 366 2 1648 2 1649 2 368 2 1649 2 370 2 368 2 1649 2 1650 2 370 2 1650 2 372 2 370 2 1650 2 1651 2 372 2 1651 2 374 2 372 2 1651 2 1652 2 374 2 1652 2 376 2 374 2 1652 2 1653 2 376 2 1653 2 378 2 376 2 1653 2 1654 2 378 2 1654 2 380 2 378 2 1654 2 1655 2 380 2 1655 2 382 2 380 2 1655 2 1656 2 382 2 1656 2 384 2 382 2 1656 2 1657 2 384 2 1657 2 386 2 384 2 1657 2 1658 2 386 2 1658 2 388 2 386 2 1658 2 1659 2 388 2 1659 2 390 2 388 2 1659 2 1660 2 390 2 1660 2 392 2 390 2 1660 2 1661 2 392 2 1661 2 394 2 392 2 1661 2 1662 2 394 2 1662 2 396 2 394 2 1662 2 1663 2 396 2 1663 2 398 2 396 2 1663 2 1664 2 398 2 1664 2 400 2 398 2 1664 2 1665 2 400 2 1665 2 402 2 400 2 1665 2 1666 2 402 2 1666 2 404 2 402 2 1666 2 1667 2 404 2 1667 2 406 2 404 2 1667 2 1668 2 406 2 1668 2 408 2 406 2 1668 2 1669 2 408 2 1669 2 410 2 408 2 1669 2 1670 2 410 2 1670 2 412 2 410 2 1670 2 1671 2 412 2 1671 2 414 2 412 2 1671 2 1672 2 414 2 1672 2 416 2 414 2 1672 2 1673 2 416 2 1673 2 418 2 416 2 1673 2 1674 2 418 2 1674 2 420 2 418 2 1674 2 1675 2 420 2 1675 2 422 2 420 2 1675 2 1676 2 422 2 1676 2 424 2 422 2 1676 2 1677 2 424 2 1677 2 426 2 424 2 1677 2 1678 2 426 2 1678 2 428 2 426 2 1678 2 1679 2 428 2 1679 2 430 2 428 2 1679 2 1680 2 430 2 1680 2 432 2 430 2 1680 2 1681 2 432 2 1681 2 434 2 432 2 1681 2 1682 2 434 2 1682 2 436 2 434 2 1682 2 1683 2 436 2 1683 2 438 2 436 2 1683 2 1684 2 438 2 1684 2 440 2 438 2 1684 2 1685 2 440 2 1685 2 442 2 440 2 1685 2 1686 2 442 2 1686 2 444 2 442 2 1686 2 1687 2 444 2 1687 2 446 2 444 2 1687 2 1688 2 446 2 1688 2 448 2 446 2 1688 2 1689 2 448 2 1689 2 450 2 448 2 1689 2 1690 2 450 2 1690 2 452 2 450 2 1690 2 1691 2 452 2 1691 2 454 2 452 2 1691 2 1692 2 454 2 1692 2 456 2 454 2 1692 2 1693 2 456 2 1693 2 458 2 456 2 1693 2 1694 2 458 2 1694 2 460 2 458 2 1694 2 1695 2 460 2 1695 2 462 2 460 2 1695 2 1696 2 462 2 1696 2 464 2 462 2 1696 2 1697 2 464 2 1697 2 466 2 464 2 1697 2 1698 2 466 2 1698 2 468 2 466 2 1698 2 1699 2 468 2 1699 4 1700 4 468 4 1641 1 237 1 1701 1 1641 1 235 1 237 1 468 5 1702 5 470 5 468 5 1700 5 1702 5 1701 1 239 1 1703 1 1701 1 237 1 239 1 470 5 1704 5 471 5 470 5 1702 5 1704 5 1703 1 241 1 1705 1 1703 1 239 1 241 1 471 5 1706 5 472 5 471 5 1704 5 1706 5 1705 1 243 1 1707 1 1705 1 241 1 243 1 472 5 1708 5 473 5 472 5 1706 5 1708 5 1707 1 245 1 1709 1 1707 1 243 1 245 1 473 5 1710 5 474 5 473 5 1708 5 1710 5 1709 1 247 1 1711 1 1709 1 245 1 247 1 474 5 1712 5 475 5 474 5 1710 5 1712 5 1711 1 249 1 1713 1 1711 1 247 1 249 1 475 5 1714 5 476 5 475 5 1712 5 1714 5 1713 1 251 1 1715 1 1713 1 249 1 251 1 476 5 1716 5 477 5 476 5 1714 5 1716 5 1715 1 253 1 1717 1 1715 1 251 1 253 1 477 5 1718 5 478 5 477 5 1716 5 1718 5 1717 1 255 1 1719 1 1717 1 253 1 255 1 478 5 1720 5 479 5 478 5 1718 5 1720 5 1719 1 257 1 1721 1 1719 1 255 1 257 1 479 5 1722 5 480 5 479 5 1720 5 1722 5 1721 1 259 1 1723 1 1721 1 257 1 259 1 480 5 1724 5 481 5 480 5 1722 5 1724 5 1723 1 261 1 1725 1 1723 1 259 1 261 1 481 5 1726 5 482 5 481 5 1724 5 1726 5 1725 1 263 1 1727 1 1725 1 261 1 263 1 482 5 1728 5 483 5 482 5 1726 5 1728 5 1727 1 265 1 1729 1 1727 1 263 1 265 1 483 5 1730 5 484 5 483 5 1728 5 1730 5 1729 1 267 1 1731 1 1729 1 265 1 267 1 484 5 1732 5 485 5 484 5 1730 5 1732 5 1731 1 269 1 1733 1 1731 1 267 1 269 1 485 5 1734 5 486 5 485 5 1732 5 1734 5 1733 1 271 1 1735 1 1733 1 269 1 271 1 486 5 1736 5 487 5 486 5 1734 5 1736 5 1735 1 273 1 1737 1 1735 1 271 1 273 1 487 5 1738 5 488 5 487 5 1736 5 1738 5 1737 1 275 1 1739 1 1737 1 273 1 275 1 488 5 1740 5 489 5 488 5 1738 5 1740 5 1739 1 277 1 1741 1 1739 1 275 1 277 1 489 5 1742 5 490 5 489 5 1740 5 1742 5 1741 1 279 1 1743 1 1741 1 277 1 279 1 490 5 1744 5 491 5 490 5 1742 5 1744 5 1743 1 281 1 1745 1 1743 1 279 1 281 1 491 5 1746 5 492 5 491 5 1744 5 1746 5 1745 1 283 1 1747 1 1745 1 281 1 283 1 492 5 1748 5 493 5 492 5 1746 5 1748 5 1747 1 285 1 1749 1 1747 1 283 1 285 1 493 5 1750 5 494 5 493 5 1748 5 1750 5 1749 1 287 1 1751 1 1749 1 285 1 287 1 494 5 1752 5 495 5 494 5 1750 5 1752 5 1751 1 289 1 1753 1 1751 1 287 1 289 1 495 5 1754 5 496 5 495 5 1752 5 1754 5 1753 1 291 1 1755 1 1753 1 289 1 291 1 496 5 1756 5 497 5 496 5 1754 5 1756 5 1755 1 293 1 1757 1 1755 1 291 1 293 1 497 5 1758 5 498 5 497 5 1756 5 1758 5 1757 1 295 1 1759 1 1757 1 293 1 295 1 498 5 1760 5 499 5 498 5 1758 5 1760 5 1759 6 297 6 1761 6 1759 6 295 6 297 6 499 7 1762 7 500 7 499 7 1760 7 1762 7 1761 1 299 1 1763 1 1761 1 297 1 299 1 500 5 1764 5 501 5 500 5 1762 5 1764 5 1763 1 301 1 1765 1 1763 1 299 1 301 1 501 5 1766 5 502 5 501 5 1764 5 1766 5 1765 1 303 1 1767 1 1765 1 301 1 303 1 502 5 1768 5 503 5 502 5 1766 5 1768 5 1767 1 305 1 1769 1 1767 1 303 1 305 1 503 5 1770 5 504 5 503 5 1768 5 1770 5 1769 1 307 1 1771 1 1769 1 305 1 307 1 504 5 1772 5 505 5 504 5 1770 5 1772 5 1771 1 309 1 1773 1 1771 1 307 1 309 1 505 5 1774 5 506 5 505 5 1772 5 1774 5 1773 1 311 1 1775 1 1773 1 309 1 311 1 506 5 1776 5 507 5 506 5 1774 5 1776 5 1775 1 313 1 1777 1 1775 1 311 1 313 1 507 5 1778 5 508 5 507 5 1776 5 1778 5 1777 1 315 1 1779 1 1777 1 313 1 315 1 508 5 1780 5 509 5 508 5 1778 5 1780 5 1779 1 317 1 1781 1 1779 1 315 1 317 1 509 5 1782 5 510 5 509 5 1780 5 1782 5 1781 1 319 1 1783 1 1781 1 317 1 319 1 510 5 1784 5 511 5 510 5 1782 5 1784 5 1783 1 321 1 1785 1 1783 1 319 1 321 1 511 5 1786 5 512 5 511 5 1784 5 1786 5 1785 1 323 1 1787 1 1785 1 321 1 323 1 512 5 1788 5 513 5 512 5 1786 5 1788 5 1787 1 325 1 1789 1 1787 1 323 1 325 1 513 5 1790 5 514 5 513 5 1788 5 1790 5 1789 1 327 1 1791 1 1789 1 325 1 327 1 514 5 1792 5 515 5 514 5 1790 5 1792 5 1791 1 329 1 1793 1 1791 1 327 1 329 1 515 5 1794 5 516 5 515 5 1792 5 1794 5 1793 1 331 1 1795 1 1793 1 329 1 331 1 516 5 1796 5 517 5 516 5 1794 5 1796 5 1795 1 333 1 1797 1 1795 1 331 1 333 1 517 5 1798 5 518 5 517 5 1796 5 1798 5 1797 1 335 1 1799 1 1797 1 333 1 335 1 518 5 1800 5 519 5 518 5 1798 5 1800 5 1799 1 337 1 1801 1 1799 1 335 1 337 1 519 5 1802 5 520 5 519 5 1800 5 1802 5 1801 1 339 1 1803 1 1801 1 337 1 339 1 520 5 1804 5 521 5 520 5 1802 5 1804 5 1803 1 341 1 1805 1 1803 1 339 1 341 1 521 5 1806 5 522 5 521 5 1804 5 1806 5 1805 1 343 1 1807 1 1805 1 341 1 343 1 522 5 1808 5 523 5 522 5 1806 5 1808 5 1807 1 345 1 1809 1 1807 1 343 1 345 1 523 5 1810 5 524 5 523 5 1808 5 1810 5 1809 1 347 1 1811 1 1809 1 345 1 347 1 524 5 1812 5 525 5 524 5 1810 5 1812 5 1811 1 349 1 1813 1 1811 1 347 1 349 1 525 5 1814 5 526 5 525 5 1812 5 1814 5 1813 1 4 1 1815 1 1813 1 349 1 4 1 526 5 1816 5 469 5 526 5 1814 5 1816 5 1817 1 821 1 1818 1 1817 2 1819 2 821 2 1819 2 822 2 821 2 1819 2 1820 2 822 2 1820 2 826 2 822 2 1820 2 1821 2 826 2 1821 2 828 2 826 2 1821 2 1822 2 828 2 1822 2 830 2 828 2 1822 2 1823 2 830 2 1823 2 832 2 830 2 1823 2 1824 2 832 2 1824 2 834 2 832 2 1824 2 1825 2 834 2 1825 2 836 2 834 2 1825 2 1826 2 836 2 1826 2 838 2 836 2 1826 2 1827 2 838 2 1827 2 840 2 838 2 1827 2 1828 2 840 2 1828 2 842 2 840 2 1828 2 1829 2 842 2 1829 2 844 2 842 2 1829 2 1830 2 844 2 1830 2 846 2 844 2 1830 2 1831 2 846 2 1831 2 848 2 846 2 1831 2 1832 2 848 2 1832 2 850 2 848 2 1832 2 1833 2 850 2 1833 2 852 2 850 2 1833 2 1834 2 852 2 1834 2 854 2 852 2 1834 2 1835 2 854 2 1835 2 856 2 854 2 1835 2 1836 2 856 2 1836 2 858 2 856 2 1836 2 1837 2 858 2 1837 2 860 2 858 2 1837 2 1838 2 860 2 1838 2 862 2 860 2 1838 2 1839 2 862 2 1839 2 864 2 862 2 1839 2 1840 2 864 2 1840 2 866 2 864 2 1840 2 1841 2 866 2 1841 2 868 2 866 2 1841 2 1842 2 868 2 1842 2 870 2 868 2 1842 2 1843 2 870 2 1843 2 872 2 870 2 1843 2 1844 2 872 2 1844 2 874 2 872 2 1844 2 1845 2 874 2 1845 2 876 2 874 2 1845 2 1846 2 876 2 1846 2 878 2 876 2 1846 2 1847 2 878 2 1847 2 880 2 878 2 1847 2 1848 2 880 2 1848 2 882 2 880 2 1848 2 1849 2 882 2 1849 3 884 3 882 3 1849 3 1850 3 884 3 1850 2 886 2 884 2 1850 2 1851 2 886 2 1851 2 888 2 886 2 1851 2 1852 2 888 2 1852 2 890 2 888 2 1852 2 1853 2 890 2 1853 2 892 2 890 2 1853 2 1854 2 892 2 1854 2 894 2 892 2 1854 2 1855 2 894 2 1855 2 896 2 894 2 1855 2 1856 2 896 2 1856 2 898 2 896 2 1856 2 1857 2 898 2 1857 2 900 2 898 2 1857 2 1858 2 900 2 1858 2 902 2 900 2 1858 2 1859 2 902 2 1859 2 904 2 902 2 1859 2 1860 2 904 2 1860 2 906 2 904 2 1860 2 1861 2 906 2 1861 2 908 2 906 2 1861 2 1862 2 908 2 1862 2 910 2 908 2 1862 2 1863 2 910 2 1863 2 912 2 910 2 1863 2 1864 2 912 2 1864 2 914 2 912 2 1864 2 1865 2 914 2 1865 2 916 2 914 2 1865 2 1866 2 916 2 1866 2 918 2 916 2 1866 2 1867 2 918 2 1867 2 920 2 918 2 1867 2 1868 2 920 2 1868 2 922 2 920 2 1868 2 1869 2 922 2 1869 2 924 2 922 2 1869 2 1870 2 924 2 1870 2 926 2 924 2 1870 2 1871 2 926 2 1871 2 928 2 926 2 1871 2 1872 2 928 2 1872 2 930 2 928 2 1872 2 1873 2 930 2 1873 2 932 2 930 2 1873 2 1874 2 932 2 1874 2 934 2 932 2 1874 2 1875 2 934 2 1875 2 936 2 934 2 1875 2 1876 2 936 2 1876 2 938 2 936 2 1876 2 1815 2 938 2 1815 4 1877 4 938 4 1815 8 4 8 1877 8 4 9 1878 9 1877 9 4 9 3 9 1878 9 3 9 1879 9 1878 9 3 9 6 9 1879 9 6 9 1880 9 1879 9 6 9 8 9 1880 9 8 9 1881 9 1880 9 8 9 10 9 1881 9 10 9 1882 9 1881 9 10 9 12 9 1882 9 12 9 1883 9 1882 9 12 9 14 9 1883 9 14 9 1884 9 1883 9 14 9 16 9 1884 9 16 9 1885 9 1884 9 16 9 18 9 1885 9 18 9 1886 9 1885 9 18 9 20 9 1886 9 20 9 1887 9 1886 9 20 9 22 9 1887 9 22 9 1888 9 1887 9 22 9 24 9 1888 9 24 9 1889 9 1888 9 24 9 26 9 1889 9 26 9 1890 9 1889 9 26 9 28 9 1890 9 28 9 1891 9 1890 9 28 9 30 9 1891 9 30 10 1892 10 1891 10 30 10 32 10 1892 10 32 9 1893 9 1892 9 32 9 34 9 1893 9 34 9 1894 9 1893 9 34 9 36 9 1894 9 36 9 1895 9 1894 9 36 9 38 9 1895 9 38 9 1896 9 1895 9 38 9 40 9 1896 9 40 9 1897 9 1896 9 40 9 42 9 1897 9 42 9 1898 9 1897 9 42 9 44 9 1898 9 44 9 1899 9 1898 9 44 9 46 9 1899 9 46 9 1900 9 1899 9 46 9 48 9 1900 9 48 9 1901 9 1900 9 48 9 50 9 1901 9 50 9 1902 9 1901 9 50 9 52 9 1902 9 52 9 1903 9 1902 9 52 9 54 9 1903 9 54 9 1904 9 1903 9 54 9 56 9 1904 9 56 9 1905 9 1904 9 56 9 58 9 1905 9 58 9 1906 9 1905 9 58 9 60 9 1906 9 60 9 1907 9 1906 9 60 9 62 9 1907 9 62 9 1908 9 1907 9 62 9 64 9 1908 9 64 9 1909 9 1908 9 64 9 66 9 1909 9 66 9 1910 9 1909 9 66 9 68 9 1910 9 68 9 1911 9 1910 9 68 9 70 9 1911 9 70 9 1912 9 1911 9 70 9 72 9 1912 9 72 9 1913 9 1912 9 72 9 74 9 1913 9 74 9 1914 9 1913 9 74 9 76 9 1914 9 76 9 1915 9 1914 9 76 9 78 9 1915 9 78 9 1916 9 1915 9 78 9 80 9 1916 9 80 9 1917 9 1916 9 80 9 82 9 1917 9 82 9 1918 9 1917 9 82 9 84 9 1918 9 84 9 1919 9 1918 9 84 9 86 9 1919 9 86 9 1920 9 1919 9 86 9 88 9 1920 9 88 9 1921 9 1920 9 88 9 90 9 1921 9 90 9 1922 9 1921 9 90 9 92 9 1922 9 92 9 1923 9 1922 9 92 9 94 9 1923 9 94 9 1924 9 1923 9 94 9 96 9 1924 9 96 9 1925 9 1924 9 96 9 98 9 1925 9 98 10 1926 10 1925 10 98 10 100 10 1926 10 100 9 1927 9 1926 9 100 9 102 9 1927 9 102 9 1928 9 1927 9 102 9 104 9 1928 9 104 9 1929 9 1928 9 104 9 106 9 1929 9 106 9 1930 9 1929 9 106 9 108 9 1930 9 108 9 1931 9 1930 9 108 9 110 9 1931 9 110 9 1932 9 1931 9 110 9 112 9 1932 9 112 9 1933 9 1932 9 112 9 114 9 1933 9 114 9 1934 9 1933 9 114 9 116 9 1934 9 116 9 1935 9 1934 9 116 9 118 9 1935 9 118 8 587 8 1935 8 118 0 353 0 587 0 469 5 1936 5 588 5 469 5 1816 5 1936 5 1818 1 940 1 1937 1 1818 1 821 1 940 1 938 5 1938 5 941 5 938 5 1877 5 1938 5 1935 1 589 1 1939 1 1935 1 587 1 589 1 588 5 1940 5 590 5 588 5 1936 5 1940 5 1937 1 942 1 1941 1 1937 1 940 1 942 1 941 5 1942 5 943 5 941 5 1938 5 1942 5 1939 1 591 1 1943 1 1939 1 589 1 591 1 590 5 1944 5 592 5 590 5 1940 5 1944 5 1941 1 944 1 1945 1 1941 1 942 1 944 1 943 5 1946 5 945 5 943 5 1942 5 1946 5 1943 1 593 1 1947 1 1943 1 591 1 593 1 592 5 1948 5 594 5 592 5 1944 5 1948 5 1945 1 946 1 1949 1 1945 1 944 1 946 1 945 5 1950 5 947 5 945 5 1946 5 1950 5 1947 1 595 1 1951 1 1947 1 593 1 595 1 594 5 1952 5 596 5 594 5 1948 5 1952 5 1949 1 948 1 1953 1 1949 1 946 1 948 1 947 5 1954 5 949 5 947 5 1950 5 1954 5 1951 1 597 1 1955 1 1951 1 595 1 597 1 596 5 1956 5 598 5 596 5 1952 5 1956 5 1953 1 950 1 1957 1 1953 1 948 1 950 1 949 5 1958 5 951 5 949 5 1954 5 1958 5 1955 1 599 1 1959 1 1955 1 597 1 599 1 598 5 1960 5 600 5 598 5 1956 5 1960 5 1957 1 952 1 1961 1 1957 1 950 1 952 1 951 5 1962 5 953 5 951 5 1958 5 1962 5 1959 1 601 1 1963 1 1959 1 599 1 601 1 600 5 1964 5 602 5 600 5 1960 5 1964 5 1961 1 954 1 1965 1 1961 1 952 1 954 1 953 5 1966 5 955 5 953 5 1962 5 1966 5 1963 1 603 1 1967 1 1963 1 601 1 603 1 602 5 1968 5 604 5 602 5 1964 5 1968 5 1965 1 956 1 1969 1 1965 1 954 1 956 1 955 5 1970 5 957 5 955 5 1966 5 1970 5 1967 1 605 1 1971 1 1967 1 603 1 605 1 604 5 1972 5 606 5 604 5 1968 5 1972 5 1969 1 958 1 1973 1 1969 1 956 1 958 1 957 5 1974 5 959 5 957 5 1970 5 1974 5 1971 1 607 1 1975 1 1971 1 605 1 607 1 606 5 1976 5 608 5 606 5 1972 5 1976 5 1973 1 960 1 1977 1 1973 1 958 1 960 1 959 5 1978 5 961 5 959 5 1974 5 1978 5 1975 1 609 1 1979 1 1975 1 607 1 609 1 608 5 1980 5 610 5 608 5 1976 5 1980 5 1977 1 962 1 1981 1 1977 1 960 1 962 1 961 5 1982 5 963 5 961 5 1978 5 1982 5 1979 1 611 1 1983 1 1979 1 609 1 611 1 610 5 1984 5 612 5 610 5 1980 5 1984 5 1981 1 964 1 1985 1 1981 1 962 1 964 1 963 5 1986 5 965 5 963 5 1982 5 1986 5 1983 1 613 1 1987 1 1983 1 611 1 613 1 612 5 1988 5 614 5 612 5 1984 5 1988 5 1985 1 966 1 1989 1 1985 1 964 1 966 1 965 5 1990 5 967 5 965 5 1986 5 1990 5 1987 1 615 1 1991 1 1987 1 613 1 615 1 614 5 1992 5 616 5 614 5 1988 5 1992 5 1989 6 968 6 1993 6 1989 6 966 6 968 6 967 7 1994 7 969 7 967 7 1990 7 1994 7 1991 6 617 6 1995 6 1991 6 615 6 617 6 616 7 1996 7 618 7 616 7 1992 7 1996 7 1993 1 970 1 1997 1 1993 1 968 1 970 1 969 5 1998 5 971 5 969 5 1994 5 1998 5 1995 1 619 1 1999 1 1995 1 617 1 619 1 618 5 2000 5 620 5 618 5 1996 5 2000 5 1997 1 972 1 2001 1 1997 1 970 1 972 1 971 5 2002 5 973 5 971 5 1998 5 2002 5 1999 1 621 1 2003 1 1999 1 619 1 621 1 620 5 2004 5 622 5 620 5 2000 5 2004 5 2001 1 974 1 2005 1 2001 1 972 1 974 1 973 5 2006 5 975 5 973 5 2002 5 2006 5 2003 1 623 1 2007 1 2003 1 621 1 623 1 622 5 2008 5 624 5 622 5 2004 5 2008 5 2005 1 976 1 2009 1 2005 1 974 1 976 1 975 5 2010 5 977 5 975 5 2006 5 2010 5 2007 1 625 1 2011 1 2007 1 623 1 625 1 624 5 2012 5 626 5 624 5 2008 5 2012 5 2009 1 978 1 2013 1 2009 1 976 1 978 1 977 5 2014 5 979 5 977 5 2010 5 2014 5 2011 1 627 1 2015 1 2011 1 625 1 627 1 626 5 2016 5 628 5 626 5 2012 5 2016 5 2013 1 980 1 2017 1 2013 1 978 1 980 1 979 5 2018 5 981 5 979 5 2014 5 2018 5 2015 1 629 1 2019 1 2015 1 627 1 629 1 628 5 2020 5 630 5 628 5 2016 5 2020 5 2017 1 982 1 2021 1 2017 1 980 1 982 1 981 5 2022 5 983 5 981 5 2018 5 2022 5 2019 1 631 1 2023 1 2019 1 629 1 631 1 630 5 2024 5 632 5 630 5 2020 5 2024 5 2021 1 984 1 2025 1 2021 1 982 1 984 1 983 5 2026 5 985 5 983 5 2022 5 2026 5 2023 1 633 1 2027 1 2023 1 631 1 633 1 632 5 2028 5 634 5 632 5 2024 5 2028 5 2025 1 986 1 2029 1 2025 1 984 1 986 1 985 5 2030 5 987 5 985 5 2026 5 2030 5 2027 1 635 1 2031 1 2027 1 633 1 635 1 634 5 2032 5 636 5 634 5 2028 5 2032 5 2029 1 988 1 2033 1 2029 1 986 1 988 1 987 5 2034 5 989 5 987 5 2030 5 2034 5 2031 1 637 1 2035 1 2031 1 635 1 637 1 636 5 2036 5 638 5 636 5 2032 5 2036 5 2033 1 990 1 2037 1 2033 1 988 1 990 1 989 5 2038 5 991 5 989 5 2034 5 2038 5 2035 1 639 1 2039 1 2035 1 637 1 639 1 638 5 2040 5 640 5 638 5 2036 5 2040 5 2037 1 992 1 2041 1 2037 1 990 1 992 1 991 5 2042 5 993 5 991 5 2038 5 2042 5 2039 1 641 1 2043 1 2039 1 639 1 641 1 640 5 2044 5 642 5 640 5 2040 5 2044 5 2041 1 994 1 2045 1 2041 1 992 1 994 1 993 5 2046 5 995 5 993 5 2042 5 2046 5 2043 1 643 1 2047 1 2043 1 641 1 643 1 642 5 2048 5 644 5 642 5 2044 5 2048 5 2045 1 996 1 2049 1 2045 1 994 1 996 1 995 5 2050 5 997 5 995 5 2046 5 2050 5 2047 1 645 1 2051 1 2047 1 643 1 645 1 644 5 2052 5 646 5 644 5 2048 5 2052 5 2049 1 998 1 2053 1 2049 1 996 1 998 1 997 5 2054 5 999 5 997 5 2050 5 2054 5 2051 1 647 1 2055 1 2051 1 645 1 647 1 646 5 2056 5 648 5 646 5 2052 5 2056 5 2053 1 1000 1 2057 1 2053 1 998 1 1000 1 999 5 2058 5 1001 5 999 5 2054 5 2058 5 2055 1 649 1 2059 1 2055 1 647 1 649 1 648 5 2060 5 650 5 648 5 2056 5 2060 5 2057 1 1002 1 2061 1 2057 1 1000 1 1002 1 1001 5 2062 5 1003 5 1001 5 2058 5 2062 5 2059 1 651 1 2063 1 2059 1 649 1 651 1 650 5 2064 5 652 5 650 5 2060 5 2064 5 2061 1 1004 1 2065 1 2061 1 1002 1 1004 1 1003 5 2066 5 1005 5 1003 5 2062 5 2066 5 2063 1 653 1 2067 1 2063 1 651 1 653 1 652 5 2068 5 654 5 652 5 2064 5 2068 5 2065 1 1006 1 2069 1 2065 1 1004 1 1006 1 1005 5 2070 5 1007 5 1005 5 2066 5 2070 5 2067 1 655 1 2071 1 2067 1 653 1 655 1 654 5 2072 5 656 5 654 5 2068 5 2072 5 2069 1 1008 1 2073 1 2069 1 1006 1 1008 1 1007 5 2074 5 1009 5 1007 5 2070 5 2074 5 2071 1 657 1 2075 1 2071 1 655 1 657 1 656 5 2076 5 658 5 656 5 2072 5 2076 5 2073 1 1010 1 2077 1 2073 1 1008 1 1010 1 1009 5 2078 5 1011 5 1009 5 2074 5 2078 5 2075 1 659 1 2079 1 2075 1 657 1 659 1 658 5 2080 5 660 5 658 5 2076 5 2080 5 2077 1 1012 1 2081 1 2077 1 1010 1 1012 1 1011 5 2082 5 1013 5 1011 5 2078 5 2082 5 2079 1 661 1 2083 1 2079 1 659 1 661 1 660 5 2084 5 662 5 660 5 2080 5 2084 5 2081 1 1014 1 2085 1 2081 1 1012 1 1014 1 1013 5 2086 5 1015 5 1013 5 2082 5 2086 5 2083 1 663 1 2087 1 2083 1 661 1 663 1 662 5 2088 5 664 5 662 5 2084 5 2088 5 2085 1 1016 1 2089 1 2085 1 1014 1 1016 1 1015 5 2090 5 1017 5 1015 5 2086 5 2090 5 2087 1 665 1 2091 1 2087 1 663 1 665 1 664 5 2092 5 666 5 664 5 2088 5 2092 5 2089 1 1018 1 2093 1 2089 1 1016 1 1018 1 1017 5 2094 5 1019 5 1017 5 2090 5 2094 5 2091 1 667 1 2095 1 2091 1 665 1 667 1 666 5 2096 5 668 5 666 5 2092 5 2096 5 2093 1 1020 1 2097 1 2093 1 1018 1 1020 1 1019 5 2098 5 1021 5 1019 5 2094 5 2098 5 2095 1 669 1 2099 1 2095 1 667 1 669 1 668 5 2100 5 670 5 668 5 2096 5 2100 5 2097 1 1022 1 2101 1 2097 1 1020 1 1022 1 1021 5 2102 5 1023 5 1021 5 2098 5 2102 5 2099 1 671 1 2103 1 2099 1 669 1 671 1 670 5 2104 5 672 5 670 5 2100 5 2104 5 2101 1 1024 1 2105 1 2101 1 1022 1 1024 1 1023 5 2106 5 1025 5 1023 5 2102 5 2106 5 2103 1 673 1 2107 1 2103 1 671 1 673 1 672 5 2108 5 674 5 672 5 2104 5 2108 5 2105 1 1026 1 2109 1 2105 1 1024 1 1026 1 1025 5 2110 5 1027 5 1025 5 2106 5 2110 5 2107 1 675 1 2111 1 2107 1 673 1 675 1 674 5 2112 5 676 5 674 5 2108 5 2112 5 2109 1 1028 1 2113 1 2109 1 1026 1 1028 1 1027 5 2114 5 1029 5 1027 5 2110 5 2114 5 2111 1 677 1 2115 1 2111 1 675 1 677 1 676 5 2116 5 678 5 676 5 2112 5 2116 5 2113 1 1030 1 2117 1 2113 1 1028 1 1030 1 1029 5 2118 5 1031 5 1029 5 2114 5 2118 5 2115 1 679 1 2119 1 2115 1 677 1 679 1 678 5 2120 5 680 5 678 5 2116 5 2120 5 2117 1 1032 1 2121 1 2117 1 1030 1 1032 1 1031 5 2122 5 1033 5 1031 5 2118 5 2122 5 2119 1 681 1 2123 1 2119 1 679 1 681 1 680 5 2124 5 682 5 680 5 2120 5 2124 5 2121 1 1034 1 2125 1 2121 1 1032 1 1034 1 1033 5 2126 5 1035 5 1033 5 2122 5 2126 5 2123 1 683 1 2127 1 2123 1 681 1 683 1 682 5 2128 5 684 5 682 5 2124 5 2128 5 2125 6 1036 6 2129 6 2125 6 1034 6 1036 6 1035 7 2130 7 1037 7 1035 7 2126 7 2130 7 2127 6 685 6 2131 6 2127 6 683 6 685 6 684 7 2132 7 686 7 684 7 2128 7 2132 7 2129 1 1038 1 2133 1 2129 1 1036 1 1038 1 1037 5 2134 5 1039 5 1037 5 2130 5 2134 5 2131 1 687 1 2135 1 2131 1 685 1 687 1 686 5 2136 5 688 5 686 5 2132 5 2136 5 2133 1 1040 1 2137 1 2133 1 1038 1 1040 1 1039 5 2138 5 1041 5 1039 5 2134 5 2138 5 2135 1 689 1 2139 1 2135 1 687 1 689 1 688 5 2140 5 690 5 688 5 2136 5 2140 5 2137 1 1042 1 2141 1 2137 1 1040 1 1042 1 1041 5 2142 5 1043 5 1041 5 2138 5 2142 5 2139 1 691 1 2143 1 2139 1 689 1 691 1 690 5 2144 5 692 5 690 5 2140 5 2144 5 2141 1 1044 1 2145 1 2141 1 1042 1 1044 1 1043 5 2146 5 1045 5 1043 5 2142 5 2146 5 2143 1 693 1 2147 1 2143 1 691 1 693 1 692 5 2148 5 694 5 692 5 2144 5 2148 5 2145 1 1046 1 2149 1 2145 1 1044 1 1046 1 1045 5 2150 5 1047 5 1045 5 2146 5 2150 5 2147 1 695 1 2151 1 2147 1 693 1 695 1 694 5 2152 5 696 5 694 5 2148 5 2152 5 2149 1 1048 1 2153 1 2149 1 1046 1 1048 1 1047 5 2154 5 1049 5 1047 5 2150 5 2154 5 2151 1 697 1 2155 1 2151 1 695 1 697 1 696 5 2156 5 698 5 696 5 2152 5 2156 5 2153 1 1050 1 2157 1 2153 1 1048 1 1050 1 1049 5 2158 5 1051 5 1049 5 2154 5 2158 5 2155 1 699 1 2159 1 2155 1 697 1 699 1 698 5 2160 5 700 5 698 5 2156 5 2160 5 2157 1 1052 1 2161 1 2157 1 1050 1 1052 1 1051 5 2162 5 1053 5 1051 5 2158 5 2162 5 2159 1 701 1 2163 1 2159 1 699 1 701 1 700 5 2164 5 702 5 700 5 2160 5 2164 5 2161 1 825 1 2165 1 2161 1 1052 1 825 1 1053 5 2166 5 939 5 1053 5 2162 5 2166 5 2163 1 703 1 2167 1 2163 1 701 1 703 1 702 5 2168 5 704 5 702 5 2164 5 2168 5 2169 1 1054 1 2170 1 2169 2 2171 2 1054 2 2171 2 1055 2 1054 2 2171 2 2172 2 1055 2 2172 2 1059 2 1055 2 2172 2 2173 2 1059 2 2173 2 1061 2 1059 2 2173 2 2174 2 1061 2 2174 2 1063 2 1061 2 2174 2 2175 2 1063 2 2175 2 1065 2 1063 2 2175 2 2176 2 1065 2 2176 2 1067 2 1065 2 2176 2 2177 2 1067 2 2177 2 1069 2 1067 2 2177 2 2178 2 1069 2 2178 2 1071 2 1069 2 2178 2 2179 2 1071 2 2179 2 1073 2 1071 2 2179 2 2180 2 1073 2 2180 2 1075 2 1073 2 2180 2 2181 2 1075 2 2181 2 1077 2 1075 2 2181 2 2182 2 1077 2 2182 2 1079 2 1077 2 2182 2 2183 2 1079 2 2183 2 1081 2 1079 2 2183 2 2184 2 1081 2 2184 2 1083 2 1081 2 2184 2 2185 2 1083 2 2185 3 1085 3 1083 3 2185 3 2186 3 1085 3 2186 2 1087 2 1085 2 2186 2 2187 2 1087 2 2187 2 1089 2 1087 2 2187 2 2188 2 1089 2 2188 2 1091 2 1089 2 2188 2 2189 2 1091 2 2189 2 1093 2 1091 2 2189 2 2190 2 1093 2 2190 2 1095 2 1093 2 2190 2 2191 2 1095 2 2191 2 1097 2 1095 2 2191 2 2192 2 1097 2 2192 2 1099 2 1097 2 2192 2 2193 2 1099 2 2193 2 1101 2 1099 2 2193 2 2194 2 1101 2 2194 2 1103 2 1101 2 2194 2 2195 2 1103 2 2195 2 1105 2 1103 2 2195 2 2196 2 1105 2 2196 2 1107 2 1105 2 2196 2 2197 2 1107 2 2197 2 1109 2 1107 2 2197 2 2198 2 1109 2 2198 2 1111 2 1109 2 2198 2 2199 2 1111 2 2199 2 1113 2 1111 2 2199 2 2200 2 1113 2 2200 2 1115 2 1113 2 2200 2 2201 2 1115 2 2201 2 1117 2 1115 2 2201 2 2202 2 1117 2 2202 2 1119 2 1117 2 2202 2 2203 2 1119 2 2203 2 1121 2 1119 2 2203 2 2204 2 1121 2 2204 2 1123 2 1121 2 2204 2 2205 2 1123 2 2205 2 1125 2 1123 2 2205 2 2206 2 1125 2 2206 2 1127 2 1125 2 2206 2 2207 2 1127 2 2207 3 1129 3 1127 3 2207 3 2208 3 1129 3 2208 2 1131 2 1129 2 2208 2 2209 2 1131 2 2209 2 1133 2 1131 2 2209 2 2210 2 1133 2 2210 2 1135 2 1133 2 2210 2 2211 2 1135 2 2211 2 1137 2 1135 2 2211 2 2212 2 1137 2 2212 2 1139 2 1137 2 2212 2 2213 2 1139 2 2213 2 1141 2 1139 2 2213 2 2214 2 1141 2 2214 2 1143 2 1141 2 2214 2 2215 2 1143 2 2215 2 1145 2 1143 2 2215 2 2216 2 1145 2 2216 2 1147 2 1145 2 2216 2 2217 2 1147 2 2217 2 1149 2 1147 2 2217 2 2218 2 1149 2 2218 2 1151 2 1149 2 2218 2 2219 2 1151 2 2219 2 1153 2 1151 2 2219 2 2220 2 1153 2 2220 2 1155 2 1153 2 2220 2 2221 2 1155 2 2221 2 1157 2 1155 2 2221 2 2222 2 1157 2 2222 2 1159 2 1157 2 2222 2 2223 2 1159 2 2223 2 1161 2 1159 2 2223 2 2224 2 1161 2 2224 3 1163 3 1161 3 2224 3 2225 3 1163 3 2225 2 1165 2 1163 2 2225 2 2226 2 1165 2 2226 2 1167 2 1165 2 2226 2 2227 2 1167 2 2227 2 1169 2 1167 2 2227 2 2228 2 1169 2 2228 2 1171 2 1169 2 2228 2 2165 2 1171 2 2165 4 2229 4 1171 4 2165 8 825 8 2229 8 825 9 2230 9 2229 9 825 9 824 9 2230 9 824 9 2231 9 2230 9 824 9 827 9 2231 9 827 9 2232 9 2231 9 827 9 829 9 2232 9 829 9 2233 9 2232 9 829 9 831 9 2233 9 831 9 2234 9 2233 9 831 9 833 9 2234 9 833 9 2235 9 2234 9 833 9 835 9 2235 9 835 9 2236 9 2235 9 835 9 837 9 2236 9 837 9 2237 9 2236 9 837 9 839 9 2237 9 839 9 2238 9 2237 9 839 9 841 9 2238 9 841 9 2239 9 2238 9 841 9 843 9 2239 9 843 9 2240 9 2239 9 843 9 845 9 2240 9 845 9 2241 9 2240 9 845 9 847 9 2241 9 847 9 2242 9 2241 9 847 9 849 9 2242 9 849 9 2243 9 2242 9 849 9 851 9 2243 9 851 9 2244 9 2243 9 851 9 853 9 2244 9 853 9 2245 9 2244 9 853 9 855 9 2245 9 855 9 2246 9 2245 9 855 9 857 9 2246 9 857 9 2247 9 2246 9 857 9 859 9 2247 9 859 9 2248 9 2247 9 859 9 861 9 2248 9 861 9 2249 9 2248 9 861 9 863 9 2249 9 863 9 2250 9 2249 9 863 9 865 9 2250 9 865 9 2251 9 2250 9 865 9 867 9 2251 9 867 9 2252 9 2251 9 867 9 869 9 2252 9 869 9 2253 9 2252 9 869 9 871 9 2253 9 871 9 2254 9 2253 9 871 9 873 9 2254 9 873 9 2255 9 2254 9 873 9 875 9 2255 9 875 9 2256 9 2255 9 875 9 877 9 2256 9 877 9 2257 9 2256 9 877 9 879 9 2257 9 879 9 2258 9 2257 9 879 9 881 9 2258 9 881 9 2259 9 2258 9 881 9 883 9 2259 9 883 10 2260 10 2259 10 883 10 885 10 2260 10 885 9 2261 9 2260 9 885 9 887 9 2261 9 887 9 2262 9 2261 9 887 9 889 9 2262 9 889 9 2263 9 2262 9 889 9 891 9 2263 9 891 9 2264 9 2263 9 891 9 893 9 2264 9 893 9 2265 9 2264 9 893 9 895 9 2265 9 895 9 2266 9 2265 9 895 9 897 9 2266 9 897 9 2267 9 2266 9 897 9 899 9 2267 9 899 9 2268 9 2267 9 899 9 901 9 2268 9 901 9 2269 9 2268 9 901 9 903 9 2269 9 903 9 2270 9 2269 9 903 9 905 9 2270 9 905 9 2271 9 2270 9 905 9 907 9 2271 9 907 9 2272 9 2271 9 907 9 909 9 2272 9 909 9 2273 9 2272 9 909 9 911 9 2273 9 911 9 2274 9 2273 9 911 9 913 9 2274 9 913 9 2275 9 2274 9 913 9 915 9 2275 9 915 9 2276 9 2275 9 915 9 917 9 2276 9 917 9 2277 9 2276 9 917 9 919 9 2277 9 919 9 2278 9 2277 9 919 9 921 9 2278 9 921 9 2279 9 2278 9 921 9 923 9 2279 9 923 9 2280 9 2279 9 923 9 925 9 2280 9 925 9 2281 9 2280 9 925 9 927 9 2281 9 927 9 2282 9 2281 9 927 9 929 9 2282 9 929 9 2283 9 2282 9 929 9 931 9 2283 9 931 9 2284 9 2283 9 931 9 933 9 2284 9 933 9 2285 9 2284 9 933 9 935 9 2285 9 935 9 2286 9 2285 9 935 9 937 9 2286 9 937 9 2287 9 2286 9 937 9 939 9 2287 9 939 8 1287 8 2287 8 939 4 2166 4 1287 4 2166 2 1288 2 1287 2 2166 2 2288 2 1288 2 2288 2 1292 2 1288 2 2288 2 2289 2 1292 2 2289 2 1294 2 1292 2 2289 2 2290 2 1294 2 2290 2 1296 2 1294 2 2290 2 2291 2 1296 2 2291 2 1298 2 1296 2 2291 2 2292 2 1298 2 2292 2 1300 2 1298 2 2292 2 2293 2 1300 2 2293 2 1302 2 1300 2 2293 2 2294 2 1302 2 2294 2 1304 2 1302 2 2294 2 2295 2 1304 2 2295 2 1306 2 1304 2 2295 2 2296 2 1306 2 2296 2 1308 2 1306 2 2296 2 2297 2 1308 2 2297 2 1310 2 1308 2 2297 2 2298 2 1310 2 2298 2 1312 2 1310 2 2298 2 2299 2 1312 2 2299 2 1314 2 1312 2 2299 2 2300 2 1314 2 2300 2 1316 2 1314 2 2300 2 2301 2 1316 2 2301 3 1318 3 1316 3 2301 3 2302 3 1318 3 2302 2 1320 2 1318 2 2302 2 2303 2 1320 2 2303 2 1322 2 1320 2 2303 2 2304 2 1322 2 2304 2 1324 2 1322 2 2304 2 2305 2 1324 2 2305 2 1326 2 1324 2 2305 2 2306 2 1326 2 2306 2 1328 2 1326 2 2306 2 2307 2 1328 2 2307 2 1330 2 1328 2 2307 2 2308 2 1330 2 2308 2 1332 2 1330 2 2308 2 2309 2 1332 2 2309 2 1334 2 1332 2 2309 2 2310 2 1334 2 2310 2 1336 2 1334 2 2310 2 2311 2 1336 2 2311 2 1338 2 1336 2 2311 2 2312 2 1338 2 2312 2 1340 2 1338 2 2312 2 2313 2 1340 2 2313 2 1342 2 1340 2 2313 2 2314 2 1342 2 2314 2 1344 2 1342 2 2314 2 2315 2 1344 2 2315 2 1346 2 1344 2 2315 2 2316 2 1346 2 2316 2 1348 2 1346 2 2316 2 2317 2 1348 2 2317 2 1350 2 1348 2 2317 2 2318 2 1350 2 2318 2 1352 2 1350 2 2318 2 2319 2 1352 2 2319 2 1354 2 1352 2 2319 2 2320 2 1354 2 2320 2 1356 2 1354 2 2320 2 2321 2 1356 2 2321 2 1358 2 1356 2 2321 2 2322 2 1358 2 2322 2 1360 2 1358 2 2322 2 2323 2 1360 2 2323 2 1362 2 1360 2 2323 2 2324 2 1362 2 2324 2 1364 2 1362 2 2324 2 2325 2 1364 2 2325 2 1366 2 1364 2 2325 2 2326 2 1366 2 2326 2 1368 2 1366 2 2326 2 2327 2 1368 2 2327 2 1370 2 1368 2 2327 2 2328 2 1370 2 2328 2 1372 2 1370 2 2328 2 2329 2 1372 2 2329 2 1374 2 1372 2 2329 2 2330 2 1374 2 2330 2 1376 2 1374 2 2330 2 2331 2 1376 2 2331 2 1378 2 1376 2 2331 2 2332 2 1378 2 2332 2 1380 2 1378 2 2332 2 2333 2 1380 2 2333 2 1382 2 1380 2 2333 2 2334 2 1382 2 2334 2 1384 2 1382 2 2334 2 2335 2 1384 2 2335 3 1386 3 1384 3 2335 3 2336 3 1386 3 2336 2 1388 2 1386 2 2336 2 2337 2 1388 2 2337 2 1390 2 1388 2 2337 2 2338 2 1390 2 2338 2 1392 2 1390 2 2338 2 2339 2 1392 2 2339 2 1394 2 1392 2 2339 2 2340 2 1394 2 2340 2 1396 2 1394 2 2340 2 2341 2 1396 2 2341 2 1398 2 1396 2 2341 2 2342 2 1398 2 2342 2 1400 2 1398 2 2342 2 2343 2 1400 2 2343 2 1402 2 1400 2 2343 2 2344 2 1402 2 2344 2 1404 2 1402 2 2344 2 2167 2 1404 2 2167 2 705 2 1404 2 2167 1 703 1 705 1 704 5 2345 5 706 5 704 5 2168 5 2345 5 2170 1 1173 1 2346 1 2170 1 1054 1 1173 1 1171 5 2347 5 1174 5 1171 5 2229 5 2347 5 2287 1 1406 1 2348 1 2287 1 1287 1 1406 1 706 5 2349 5 708 5 706 5 2345 5 2349 5 2346 1 1175 1 2350 1 2346 1 1173 1 1175 1 1174 5 2351 5 1176 5 1174 5 2347 5 2351 5 2348 1 1407 1 2352 1 2348 1 1406 1 1407 1 708 5 2353 5 710 5 708 5 2349 5 2353 5 2350 1 1177 1 2354 1 2350 1 1175 1 1177 1 1176 5 2355 5 1178 5 1176 5 2351 5 2355 5 2352 1 1408 1 2356 1 2352 1 1407 1 1408 1 710 5 2357 5 712 5 710 5 2353 5 2357 5 2354 1 1179 1 2358 1 2354 1 1177 1 1179 1 1178 5 2359 5 1180 5 1178 5 2355 5 2359 5 2356 1 1409 1 2360 1 2356 1 1408 1 1409 1 712 5 2361 5 714 5 712 5 2357 5 2361 5 2358 1 1181 1 2362 1 2358 1 1179 1 1181 1 1180 5 2363 5 1182 5 1180 5 2359 5 2363 5 2360 1 1410 1 2364 1 2360 1 1409 1 1410 1 714 5 2365 5 716 5 714 5 2361 5 2365 5 2362 1 1183 1 2366 1 2362 1 1181 1 1183 1 1182 5 2367 5 1184 5 1182 5 2363 5 2367 5 2364 1 1411 1 2368 1 2364 1 1410 1 1411 1 716 5 2369 5 718 5 716 5 2365 5 2369 5 2366 1 1185 1 2370 1 2366 1 1183 1 1185 1 1184 5 2371 5 1186 5 1184 5 2367 5 2371 5 2368 1 1412 1 2372 1 2368 1 1411 1 1412 1 718 5 2373 5 720 5 718 5 2369 5 2373 5 2370 1 1187 1 2374 1 2370 1 1185 1 1187 1 1186 5 2375 5 1188 5 1186 5 2371 5 2375 5 2372 1 1413 1 2376 1 2372 1 1412 1 1413 1 720 5 2377 5 722 5 720 5 2373 5 2377 5 2374 1 1189 1 2378 1 2374 1 1187 1 1189 1 1188 5 2379 5 1190 5 1188 5 2375 5 2379 5 2376 1 1414 1 2380 1 2376 1 1413 1 1414 1 722 5 2381 5 724 5 722 5 2377 5 2381 5 2378 1 1191 1 2382 1 2378 1 1189 1 1191 1 1190 5 2383 5 1192 5 1190 5 2379 5 2383 5 2380 1 1415 1 2384 1 2380 1 1414 1 1415 1 724 5 2385 5 726 5 724 5 2381 5 2385 5 2382 1 1193 1 2386 1 2382 1 1191 1 1193 1 1192 5 2387 5 1194 5 1192 5 2383 5 2387 5 2384 1 1416 1 2388 1 2384 1 1415 1 1416 1 726 5 2389 5 728 5 726 5 2385 5 2389 5 2386 1 1195 1 2390 1 2386 1 1193 1 1195 1 1194 5 2391 5 1196 5 1194 5 2387 5 2391 5 2388 1 1417 1 2392 1 2388 1 1416 1 1417 1 728 5 2393 5 730 5 728 5 2389 5 2393 5 2390 1 1197 1 2394 1 2390 1 1195 1 1197 1 1196 5 2395 5 1198 5 1196 5 2391 5 2395 5 2392 1 1418 1 2396 1 2392 1 1417 1 1418 1 730 5 2397 5 732 5 730 5 2393 5 2397 5 2394 1 1199 1 2398 1 2394 1 1197 1 1199 1 1198 5 2399 5 1200 5 1198 5 2395 5 2399 5 2396 1 1419 1 2400 1 2396 1 1418 1 1419 1 732 5 2401 5 734 5 732 5 2397 5 2401 5 2398 1 1201 1 2402 1 2398 1 1199 1 1201 1 1200 5 2403 5 1202 5 1200 5 2399 5 2403 5 2400 1 1420 1 2404 1 2400 1 1419 1 1420 1 734 5 2405 5 736 5 734 5 2401 5 2405 5 2402 1 1203 1 2406 1 2402 1 1201 1 1203 1 1202 5 2407 5 1204 5 1202 5 2403 5 2407 5 2404 1 1421 1 2408 1 2404 1 1420 1 1421 1 736 5 2409 5 738 5 736 5 2405 5 2409 5 2406 1 1205 1 2410 1 2406 1 1203 1 1205 1 1204 5 2411 5 1206 5 1204 5 2407 5 2411 5 2408 1 1422 1 2412 1 2408 1 1421 1 1422 1 738 5 2413 5 740 5 738 5 2409 5 2413 5 2410 1 1207 1 2414 1 2410 1 1205 1 1207 1 1206 5 2415 5 1208 5 1206 5 2411 5 2415 5 2412 1 1423 1 2416 1 2412 1 1422 1 1423 1 740 5 2417 5 742 5 740 5 2413 5 2417 5 2414 1 1209 1 2418 1 2414 1 1207 1 1209 1 1208 5 2419 5 1210 5 1208 5 2415 5 2419 5 2416 1 1424 1 2420 1 2416 1 1423 1 1424 1 742 5 2421 5 744 5 742 5 2417 5 2421 5 2418 1 1211 1 2422 1 2418 1 1209 1 1211 1 1210 5 2423 5 1212 5 1210 5 2419 5 2423 5 2420 1 1425 1 2424 1 2420 1 1424 1 1425 1 744 5 2425 5 746 5 744 5 2421 5 2425 5 2422 1 1213 1 2426 1 2422 1 1211 1 1213 1 1212 5 2427 5 1214 5 1212 5 2423 5 2427 5 2424 1 1426 1 2428 1 2424 1 1425 1 1426 1 746 5 2429 5 748 5 746 5 2425 5 2429 5 2426 1 1215 1 2430 1 2426 1 1213 1 1215 1 1214 5 2431 5 1216 5 1214 5 2427 5 2431 5 2428 1 1427 1 2432 1 2428 1 1426 1 1427 1 748 5 2433 5 750 5 748 5 2429 5 2433 5 2430 1 1217 1 2434 1 2430 1 1215 1 1217 1 1216 5 2435 5 1218 5 1216 5 2431 5 2435 5 2432 1 1428 1 2436 1 2432 1 1427 1 1428 1 750 5 2437 5 752 5 750 5 2433 5 2437 5 2434 1 1219 1 2438 1 2434 1 1217 1 1219 1 1218 5 2439 5 1220 5 1218 5 2435 5 2439 5 2436 1 1429 1 2440 1 2436 1 1428 1 1429 1 752 5 2441 5 754 5 752 5 2437 5 2441 5 2438 1 1221 1 2442 1 2438 1 1219 1 1221 1 1220 5 2443 5 1222 5 1220 5 2439 5 2443 5 2440 1 1430 1 2444 1 2440 1 1429 1 1430 1 754 5 2445 5 756 5 754 5 2441 5 2445 5 2442 1 1223 1 2446 1 2442 1 1221 1 1223 1 1222 5 2447 5 1224 5 1222 5 2443 5 2447 5 2444 1 1431 1 2448 1 2444 1 1430 1 1431 1 756 5 2449 5 758 5 756 5 2445 5 2449 5 2446 1 1225 1 2450 1 2446 1 1223 1 1225 1 1224 5 2451 5 1226 5 1224 5 2447 5 2451 5 2448 1 1432 1 2452 1 2448 1 1431 1 1432 1 758 5 2453 5 760 5 758 5 2449 5 2453 5 2450 1 1227 1 2454 1 2450 1 1225 1 1227 1 1226 5 2455 5 1228 5 1226 5 2451 5 2455 5 2452 1 1433 1 2456 1 2452 1 1432 1 1433 1 760 5 2457 5 762 5 760 5 2453 5 2457 5 2454 1 1229 1 2458 1 2454 1 1227 1 1229 1 1228 5 2459 5 1230 5 1228 5 2455 5 2459 5 2456 1 1434 1 2460 1 2456 1 1433 1 1434 1 762 5 2461 5 764 5 762 5 2457 5 2461 5 2458 1 1231 1 2462 1 2458 1 1229 1 1231 1 1230 5 2463 5 1232 5 1230 5 2459 5 2463 5 2460 1 1435 1 2464 1 2460 1 1434 1 1435 1 764 5 2465 5 766 5 764 5 2461 5 2465 5 2462 1 1233 1 2466 1 2462 1 1231 1 1233 1 1232 5 2467 5 1234 5 1232 5 2463 5 2467 5 2464 1 1436 1 2468 1 2464 1 1435 1 1436 1 766 5 2469 5 768 5 766 5 2465 5 2469 5 2466 1 1235 1 2470 1 2466 1 1233 1 1235 1 1234 5 2471 5 1236 5 1234 5 2467 5 2471 5 2468 1 1437 1 2472 1 2468 1 1436 1 1437 1 768 5 2473 5 770 5 768 5 2469 5 2473 5 2470 1 1237 1 2474 1 2470 1 1235 1 1237 1 1236 5 2475 5 1238 5 1236 5 2471 5 2475 5 2472 1 1438 1 2476 1 2472 1 1437 1 1438 1 770 5 2477 5 772 5 770 5 2473 5 2477 5 2474 1 1239 1 2478 1 2474 1 1237 1 1239 1 1238 5 2479 5 1240 5 1238 5 2475 5 2479 5 2476 1 1439 1 2480 1 2476 1 1438 1 1439 1 772 5 2481 5 774 5 772 5 2477 5 2481 5 2478 1 1241 1 2482 1 2478 1 1239 1 1241 1 1240 5 2483 5 1242 5 1240 5 2479 5 2483 5 2480 1 1440 1 2484 1 2480 1 1439 1 1440 1 774 5 2485 5 776 5 774 5 2481 5 2485 5 2482 1 1243 1 2486 1 2482 1 1241 1 1243 1 1242 5 2487 5 1244 5 1242 5 2483 5 2487 5 2484 1 1441 1 2488 1 2484 1 1440 1 1441 1 776 5 2489 5 778 5 776 5 2485 5 2489 5 2486 1 1245 1 2490 1 2486 1 1243 1 1245 1 1244 5 2491 5 1246 5 1244 5 2487 5 2491 5 2488 1 1442 1 2492 1 2488 1 1441 1 1442 1 778 5 2493 5 780 5 778 5 2489 5 2493 5 2490 1 1247 1 2494 1 2490 1 1245 1 1247 1 1246 5 2495 5 1248 5 1246 5 2491 5 2495 5 2492 1 1443 1 2496 1 2492 1 1442 1 1443 1 780 5 2497 5 782 5 780 5 2493 5 2497 5 2494 1 1249 1 2498 1 2494 1 1247 1 1249 1 1248 5 2499 5 1250 5 1248 5 2495 5 2499 5 2496 1 1444 1 2500 1 2496 1 1443 1 1444 1 782 5 2501 5 784 5 782 5 2497 5 2501 5 2498 1 1251 1 2502 1 2498 1 1249 1 1251 1 1250 5 2503 5 1252 5 1250 5 2499 5 2503 5 2500 1 1445 1 2504 1 2500 1 1444 1 1445 1 784 5 2505 5 786 5 784 5 2501 5 2505 5 2502 1 1253 1 2506 1 2502 1 1251 1 1253 1 1252 5 2507 5 1254 5 1252 5 2503 5 2507 5 2504 1 1446 1 2508 1 2504 1 1445 1 1446 1 786 5 2509 5 788 5 786 5 2505 5 2509 5 2506 1 1255 1 2510 1 2506 1 1253 1 1255 1 1254 5 2511 5 1256 5 1254 5 2507 5 2511 5 2508 1 1447 1 2512 1 2508 1 1446 1 1447 1 788 5 2513 5 790 5 788 5 2509 5 2513 5 2510 1 1257 1 2514 1 2510 1 1255 1 1257 1 1256 5 2515 5 1258 5 1256 5 2511 5 2515 5 2512 1 1448 1 2516 1 2512 1 1447 1 1448 1 790 5 2517 5 792 5 790 5 2513 5 2517 5 2514 1 1259 1 2518 1 2514 1 1257 1 1259 1 1258 5 2519 5 1260 5 1258 5 2515 5 2519 5 2516 1 1449 1 2520 1 2516 1 1448 1 1449 1 792 5 2521 5 794 5 792 5 2517 5 2521 5 2518 1 1261 1 2522 1 2518 1 1259 1 1261 1 1260 5 2523 5 1262 5 1260 5 2519 5 2523 5 2520 1 1450 1 2524 1 2520 1 1449 1 1450 1 794 5 2525 5 796 5 794 5 2521 5 2525 5 2522 1 1263 1 2526 1 2522 1 1261 1 1263 1 1262 5 2527 5 1264 5 1262 5 2523 5 2527 5 2524 1 1451 1 2528 1 2524 1 1450 1 1451 1 796 5 2529 5 798 5 796 5 2525 5 2529 5 2526 1 1265 1 2530 1 2526 1 1263 1 1265 1 1264 5 2531 5 1266 5 1264 5 2527 5 2531 5 2528 1 1452 1 2532 1 2528 1 1451 1 1452 1 798 5 2533 5 800 5 798 5 2529 5 2533 5 2530 1 1267 1 2534 1 2530 1 1265 1 1267 1 1266 5 2535 5 1268 5 1266 5 2531 5 2535 5 2532 1 1453 1 2536 1 2532 1 1452 1 1453 1 800 5 2537 5 802 5 800 5 2533 5 2537 5 2534 1 1269 1 2538 1 2534 1 1267 1 1269 1 1268 5 2539 5 1270 5 1268 5 2535 5 2539 5 2536 1 1454 1 2540 1 2536 1 1453 1 1454 1 802 5 2541 5 804 5 802 5 2537 5 2541 5 2538 1 1271 1 2542 1 2538 1 1269 1 1271 1 1270 5 2543 5 1272 5 1270 5 2539 5 2543 5 2540 1 1455 1 2544 1 2540 1 1454 1 1455 1 804 5 2545 5 806 5 804 5 2541 5 2545 5 2542 1 1273 1 2546 1 2542 1 1271 1 1273 1 1272 5 2547 5 1274 5 1272 5 2543 5 2547 5 2544 1 1456 1 2548 1 2544 1 1455 1 1456 1 806 5 2549 5 808 5 806 5 2545 5 2549 5 2546 1 1275 1 2550 1 2546 1 1273 1 1275 1 1274 5 2551 5 1276 5 1274 5 2547 5 2551 5 2548 1 1457 1 2552 1 2548 1 1456 1 1457 1 808 5 2553 5 810 5 808 5 2549 5 2553 5 2550 1 1277 1 2554 1 2550 1 1275 1 1277 1 1276 5 2555 5 1278 5 1276 5 2551 5 2555 5 2552 1 1458 1 2556 1 2552 1 1457 1 1458 1 810 5 2557 5 812 5 810 5 2553 5 2557 5 2554 1 1279 1 2558 1 2554 1 1277 1 1279 1 1278 5 2559 5 1280 5 1278 5 2555 5 2559 5 2556 1 1459 1 2560 1 2556 1 1458 1 1459 1 812 5 2561 5 814 5 812 5 2557 5 2561 5 2558 1 1281 1 2562 1 2558 1 1279 1 1281 1 1280 5 2563 5 1282 5 1280 5 2559 5 2563 5 2560 1 1460 1 2564 1 2560 1 1459 1 1460 1 814 5 2565 5 816 5 814 5 2561 5 2565 5 2562 1 1283 1 2566 1 2562 1 1281 1 1283 1 1282 5 2567 5 1284 5 1282 5 2563 5 2567 5 2564 1 1461 1 2568 1 2564 1 1460 1 1461 1 816 5 2569 5 818 5 816 5 2565 5 2569 5 2566 1 1285 1 2570 1 2566 1 1283 1 1285 1 1284 5 2571 5 1286 5 1284 5 2567 5 2571 5 2568 1 1462 1 2572 1 2568 1 1461 1 1462 1 818 5 2573 5 820 5 818 5 2569 5 2573 5 2570 1 1058 1 2574 1 2570 1 1285 1 1058 1 1286 5 2575 5 1172 5 1286 5 2571 5 2575 5 2572 1 1291 1 2576 1 2572 1 1462 1 1291 1 820 5 2577 5 586 5 820 5 2573 5 2577 5 2574 8 1058 8 2578 8 1058 9 2579 9 2578 9 1058 9 1057 9 2579 9 1057 9 2580 9 2579 9 1057 9 1060 9 2580 9 1060 9 2581 9 2580 9 1060 9 1062 9 2581 9 1062 9 2582 9 2581 9 1062 9 1064 9 2582 9 1064 9 2583 9 2582 9 1064 9 1066 9 2583 9 1066 9 2584 9 2583 9 1066 9 1068 9 2584 9 1068 9 2585 9 2584 9 1068 9 1070 9 2585 9 1070 9 2586 9 2585 9 1070 9 1072 9 2586 9 1072 9 2587 9 2586 9 1072 9 1074 9 2587 9 1074 9 2588 9 2587 9 1074 9 1076 9 2588 9 1076 9 2589 9 2588 9 1076 9 1078 9 2589 9 1078 9 2590 9 2589 9 1078 9 1080 9 2590 9 1080 9 2591 9 2590 9 1080 9 1082 9 2591 9 1082 9 2592 9 2591 9 1082 9 1084 9 2592 9 1084 10 2593 10 2592 10 1084 10 1086 10 2593 10 1086 9 2594 9 2593 9 1086 9 1088 9 2594 9 1088 9 2595 9 2594 9 1088 9 1090 9 2595 9 1090 9 2596 9 2595 9 1090 9 1092 9 2596 9 1092 9 2597 9 2596 9 1092 9 1094 9 2597 9 1094 9 2598 9 2597 9 1094 9 1096 9 2598 9 1096 9 2599 9 2598 9 1096 9 1098 9 2599 9 1098 9 2600 9 2599 9 1098 9 1100 9 2600 9 1100 9 2601 9 2600 9 1100 9 1102 9 2601 9 1102 9 2602 9 2601 9 1102 9 1104 9 2602 9 1104 9 2603 9 2602 9 1104 9 1106 9 2603 9 1106 9 2604 9 2603 9 1106 9 1108 9 2604 9 1108 9 2605 9 2604 9 1108 9 1110 9 2605 9 1110 9 2606 9 2605 9 1110 9 1112 9 2606 9 1112 9 2607 9 2606 9 1112 9 1114 9 2607 9 1114 9 2608 9 2607 9 1114 9 1116 9 2608 9 1116 9 2609 9 2608 9 1116 9 1118 9 2609 9 1118 9 2610 9 2609 9 1118 9 1120 9 2610 9 1120 9 2611 9 2610 9 1120 9 1122 9 2611 9 1122 9 2612 9 2611 9 1122 9 1124 9 2612 9 1124 9 2613 9 2612 9 1124 9 1126 9 2613 9 1126 9 2614 9 2613 9 1126 9 1128 9 2614 9 1128 10 2615 10 2614 10 1128 10 1130 10 2615 10 1130 9 2616 9 2615 9 1130 9 1132 9 2616 9 1132 9 2617 9 2616 9 1132 9 1134 9 2617 9 1134 9 2618 9 2617 9 1134 9 1136 9 2618 9 1136 9 2619 9 2618 9 1136 9 1138 9 2619 9 1138 9 2620 9 2619 9 1138 9 1140 9 2620 9 1140 9 2621 9 2620 9 1140 9 1142 9 2621 9 1142 9 2622 9 2621 9 1142 9 1144 9 2622 9 1144 9 2623 9 2622 9 1144 9 1146 9 2623 9 1146 9 2624 9 2623 9 1146 9 1148 9 2624 9 1148 9 2625 9 2624 9 1148 9 1150 9 2625 9 1150 9 2626 9 2625 9 1150 9 1152 9 2626 9 1152 9 2627 9 2626 9 1152 9 1154 9 2627 9 1154 9 2628 9 2627 9 1154 9 1156 9 2628 9 1156 9 2629 9 2628 9 1156 9 1158 9 2629 9 1158 9 2630 9 2629 9 1158 9 1160 9 2630 9 1160 9 2631 9 2630 9 1160 9 1162 9 2631 9 1162 10 2632 10 2631 10 1162 10 1164 10 2632 10 1164 9 2633 9 2632 9 1164 9 1166 9 2633 9 1166 9 2634 9 2633 9 1166 9 1168 9 2634 9 1168 9 2635 9 2634 9 1168 9 1170 9 2635 9 1170 9 2636 9 2635 9 1170 9 1172 9 2636 9 1172 9 2637 9 2636 9 1172 5 2575 5 2637 5 2576 8 1291 8 2638 8 1291 9 2639 9 2638 9 1291 9 1290 9 2639 9 1290 9 2640 9 2639 9 1290 9 1293 9 2640 9 1293 9 2641 9 2640 9 1293 9 1295 9 2641 9 1295 9 2642 9 2641 9 1295 9 1297 9 2642 9 1297 9 2643 9 2642 9 1297 9 1299 9 2643 9 1299 9 2644 9 2643 9 1299 9 1301 9 2644 9 1301 9 2645 9 2644 9 1301 9 1303 9 2645 9 1303 9 2646 9 2645 9 1303 9 1305 9 2646 9 1305 9 2647 9 2646 9 1305 9 1307 9 2647 9 1307 9 2648 9 2647 9 1307 9 1309 9 2648 9 1309 9 2649 9 2648 9 1309 9 1311 9 2649 9 1311 9 2650 9 2649 9 1311 9 1313 9 2650 9 1313 9 2651 9 2650 9 1313 9 1315 9 2651 9 1315 9 2652 9 2651 9 1315 9 1317 9 2652 9 1317 10 2653 10 2652 10 1317 10 1319 10 2653 10 1319 9 2654 9 2653 9 1319 9 1321 9 2654 9 1321 9 2655 9 2654 9 1321 9 1323 9 2655 9 1323 9 2656 9 2655 9 1323 9 1325 9 2656 9 1325 9 2657 9 2656 9 1325 9 1327 9 2657 9 1327 9 2658 9 2657 9 1327 9 1329 9 2658 9 1329 9 2659 9 2658 9 1329 9 1331 9 2659 9 1331 9 2660 9 2659 9 1331 9 1333 9 2660 9 1333 9 2661 9 2660 9 1333 9 1335 9 2661 9 1335 9 2662 9 2661 9 1335 9 1337 9 2662 9 1337 9 2663 9 2662 9 1337 9 1339 9 2663 9 1339 9 2664 9 2663 9 1339 9 1341 9 2664 9 1341 9 2665 9 2664 9 1341 9 1343 9 2665 9 1343 9 2666 9 2665 9 1343 9 1345 9 2666 9 1345 9 2667 9 2666 9 1345 9 1347 9 2667 9 1347 9 2668 9 2667 9 1347 9 1349 9 2668 9 1349 9 2669 9 2668 9 1349 9 1351 9 2669 9 1351 9 2670 9 2669 9 1351 9 1353 9 2670 9 1353 9 2671 9 2670 9 1353 9 1355 9 2671 9 1355 9 2672 9 2671 9 1355 9 1357 9 2672 9 1357 9 2673 9 2672 9 1357 9 1359 9 2673 9 1359 9 2674 9 2673 9 1359 9 1361 9 2674 9 1361 9 2675 9 2674 9 1361 9 1363 9 2675 9 1363 9 2676 9 2675 9 1363 9 1365 9 2676 9 1365 9 2677 9 2676 9 1365 9 1367 9 2677 9 1367 9 2678 9 2677 9 1367 9 1369 9 2678 9 1369 9 2679 9 2678 9 1369 9 1371 9 2679 9 1371 9 2680 9 2679 9 1371 9 1373 9 2680 9 1373 9 2681 9 2680 9 1373 9 1375 9 2681 9 1375 9 2682 9 2681 9 1375 9 1377 9 2682 9 1377 9 2683 9 2682 9 1377 9 1379 9 2683 9 1379 9 2684 9 2683 9 1379 9 1381 9 2684 9 1381 9 2685 9 2684 9 1381 9 1383 9 2685 9 1383 9 2686 9 2685 9 1383 9 1385 9 2686 9 1385 10 2687 10 2686 10 1385 10 1387 10 2687 10 1387 9 2688 9 2687 9 1387 9 1389 9 2688 9 1389 9 2689 9 2688 9 1389 9 1391 9 2689 9 1391 9 2690 9 2689 9 1391 9 1393 9 2690 9 1393 9 2691 9 2690 9 1393 9 1395 9 2691 9 1395 9 2692 9 2691 9 1395 9 1397 9 2692 9 1397 9 2693 9 2692 9 1397 9 1399 9 2693 9 1399 9 2694 9 2693 9 1399 9 1401 9 2694 9 1401 9 2695 9 2694 9 1401 9 1403 9 2695 9 1403 9 2696 9 2695 9 1403 9 1405 9 2696 9 1405 9 2697 9 2696 9 1405 9 529 9 2697 9 529 9 2698 9 2697 9 529 9 528 9 2698 9 528 9 2699 9 2698 9 528 9 530 9 2699 9 530 9 2700 9 2699 9 530 9 531 9 2700 9 531 9 2701 9 2700 9 531 9 532 9 2701 9 532 9 2702 9 2701 9 532 9 533 9 2702 9 533 9 2703 9 2702 9 533 9 534 9 2703 9 534 9 2704 9 2703 9 534 9 535 9 2704 9 535 9 2705 9 2704 9 535 9 536 9 2705 9 536 9 2706 9 2705 9 536 9 537 9 2706 9 537 9 2707 9 2706 9 537 9 538 9 2707 9 538 9 2708 9 2707 9 538 9 539 9 2708 9 539 9 2709 9 2708 9 539 9 540 9 2709 9 540 9 2710 9 2709 9 540 9 541 9 2710 9 541 9 2711 9 2710 9 541 9 542 9 2711 9 542 9 2712 9 2711 9 542 9 543 9 2712 9 543 9 2713 9 2712 9 543 9 544 9 2713 9 544 9 2714 9 2713 9 544 9 545 9 2714 9 545 9 2715 9 2714 9 545 9 546 9 2715 9 546 9 2716 9 2715 9 546 9 547 9 2716 9 547 9 2717 9 2716 9 547 9 548 9 2717 9 548 9 2718 9 2717 9 548 9 549 9 2718 9 549 9 2719 9 2718 9 549 9 550 9 2719 9 550 9 2720 9 2719 9 550 9 551 9 2720 9 551 9 2721 9 2720 9 551 9 552 9 2721 9 552 9 2722 9 2721 9 552 9 553 9 2722 9 553 9 2723 9 2722 9 553 9 554 9 2723 9 554 9 2724 9 2723 9 554 9 555 9 2724 9 555 9 2725 9 2724 9 555 9 556 9 2725 9 556 9 2726 9 2725 9 556 9 557 9 2726 9 557 9 2727 9 2726 9 557 9 558 9 2727 9 558 9 2728 9 2727 9 558 9 559 9 2728 9 559 9 2729 9 2728 9 559 9 560 9 2729 9 560 9 2730 9 2729 9 560 9 561 9 2730 9 561 9 2731 9 2730 9 561 9 562 9 2731 9 562 9 2732 9 2731 9 562 9 563 9 2732 9 563 9 2733 9 2732 9 563 9 564 9 2733 9 564 9 2734 9 2733 9 564 9 565 9 2734 9 565 9 2735 9 2734 9 565 9 566 9 2735 9 566 9 2736 9 2735 9 566 9 567 9 2736 9 567 9 2737 9 2736 9 567 9 568 9 2737 9 568 9 2738 9 2737 9 568 9 569 9 2738 9 569 9 2739 9 2738 9 569 9 570 9 2739 9 570 9 2740 9 2739 9 570 9 571 9 2740 9 571 9 2741 9 2740 9 571 9 572 9 2741 9 572 9 2742 9 2741 9 572 9 573 9 2742 9 573 9 2743 9 2742 9 573 9 574 9 2743 9 574 9 2744 9 2743 9 574 9 575 9 2744 9 575 9 2745 9 2744 9 575 9 576 9 2745 9 576 9 2746 9 2745 9 576 9 577 9 2746 9 577 9 2747 9 2746 9 577 9 578 9 2747 9 578 9 2748 9 2747 9 578 9 579 9 2748 9 579 9 2749 9 2748 9 579 9 580 9 2749 9 580 9 2750 9 2749 9 580 9 581 9 2750 9 581 9 2751 9 2750 9 581 9 582 9 2751 9 582 9 2752 9 2751 9 582 9 583 9 2752 9 583 9 2753 9 2752 9 583 9 584 9 2753 9 584 9 2754 9 2753 9 584 9 585 9 2754 9 585 9 2755 9 2754 9 585 9 586 9 2755 9 586 9 2756 9 2755 9 586 5 2577 5 2756 5</p>
        </triangles>
      </mesh>
    </geometry>
    <geometry id="geometry_11edf7ef_f75b_492b_bc87_95a79dc044ba">
      <mesh>
        <source id="pos_1">
          <float_array id="pos_1-array" count="5661">8.1920904 -16.52542373 -5 0.28248588 -33.33333333 -5 0 -33.33333333 -5 0 0.28248588 -5 0.28248588 0.28248588 -5 0.56497175 -33.33333333 -5 0.56497175 0.28248588 -5 0.84745763 -33.33333333 -5 0.84745763 0.28248588 -5 1.1299435 -33.33333333 -5 1.1299435 0.28248588 -5 1.41242938 -33.33333333 -5 1.41242938 0.28248588 -5 1.69491525 -33.33333333 -5 1.69491525 0.28248588 -5 1.97740113 -33.33333333 -5 1.97740113 0.28248588 -5 2.25988701 -33.33333333 -5 2.25988701 0.28248588 -5 2.54237288 -33.33333333 -5 2.54237288 0.28248588 -5 2.82485876 -33.33333333 -5 2.82485876 0.28248588 -5 3.10734463 -33.33333333 -5 3.10734463 0.28248588 -5 3.38983051 -33.33333333 -5 3.38983051 0.28248588 -5 3.67231638 -33.33333333 -5 3.67231638 0.28248588 -5 3.95480226 -33.33333333 -5 3.95480226 0.28248588 -5 4.23728814 -33.33333333 -5 4.23728814 0.28248588 -5 4.51977401 -33.33333333 -5 4.51977401 0.28248588 -5 4.80225989 -33.33333333 -5 4.80225989 0.28248588 -5 5.08474576 -33.33333333 -5 5.08474576 0.28248588 -5 5.36723164 -33.33333333 -5 5.36723164 0.28248588 -5 5.64971751 -33.33333333 -5 5.64971751 0.28248588 -5 5.93220339 -33.33333333 -5 5.93220339 0.28248588 -5 6.21468927 -33.33333333 -5 6.21468927 0.28248588 -5 6.49717514 -33.33333333 -5 6.49717514 0.28248588 -5 6.77966102 -33.33333333 -5 6.77966102 0.28248588 -5 7.06214689 -33.33333333 -5 7.06214689 0.28248588 -5 7.34463277 -33.33333333 -5 7.34463277 0.28248588 -5 7.62711864 -33.33333333 -5 7.62711864 0.28248588 -5 7.90960452 -33.33333333 -5 7.90960452 0.28248588 -5 8.1920904 -33.33333333 -5 8.1920904 0.28248588 -5 8.47457627 -33.33333333 -5 8.47457627 0.28248588 -5 8.75706215 -33.33333333 -5 8.75706215 0.28248588 -5 9.03954802 -33.33333333 -5 9.03954802 0.28248588 -5 9.3220339 -33.33333333 -5 9.3220339 0.28248588 -5 9.60451977 -33.33333333 -5 9.60451977 0.28248588 -5 9.88700565 -33.33333333 -5 9.88700565 0.28248588 -5 10.16949153 -33.33333333 -5 10.16949153 0.28248588 -5 10.4519774 -33.33333333 -5 10.4519774 0.28248588 -5 10.73446328 -33.33333333 -5 10.73446328 0.28248588 -5 11.01694915 -33.33333333 -5 11.01694915 0.28248588 -5 11.29943503 -33.33333333 -5 11.29943503 0.28248588 -5 11.5819209 -33.33333333 -5 11.5819209 0.28248588 -5 11.86440678 -33.33333333 -5 11.86440678 0.28248588 -5 12.14689266 -33.33333333 -5 12.14689266 0.28248588 -5 12.42937853 -33.33333333 -5 12.42937853 0.28248588 -5 12.71186441 -33.33333333 -5 12.71186441 0.28248588 -5 12.99435028 -33.33333333 -5 12.99435028 0.28248588 -5 13.27683616 -33.33333333 -5 13.27683616 0.28248588 -5 13.55932203 -33.33333333 -5 13.55932203 0.28248588 -5 13.84180791 -33.33333333 -5 13.84180791 0.28248588 -5 14.12429379 -33.33333333 -5 14.12429379 0.28248588 -5 14.40677966 -33.33333333 -5 14.40677966 0.28248588 -5 14.68926554 -33.33333333 -5 14.68926554 0.28248588 -5 14.97175141 -33.33333333 -5 14.97175141 0.28248588 -5 15.25423729 -33.33333333 -5 15.25423729 0.28248588 -5 15.53672316 -33.33333333 -5 15.53672316 0.28248588 -5 15.81920904 -33.33333333 -5 15.81920904 0.28248588 -5 16.10169492 -33.33333333 -5 16.10169492 0.28248588 -5 16.38418079 -33.33333333 -5 16.38418079 0.28248588 -5 16.66666667 -33.33333333 -5 16.66666667 0.28248588 -5 0 -33.05084746 -5 16.66666667 -33.05084746 -5 0 -32.76836158 -5 16.66666667 -32.76836158 -5 0 -32.48587571 -5 16.66666667 -32.48587571 -5 0 -32.20338983 -5 16.66666667 -32.20338983 -5 0 -31.92090395 -5 16.66666667 -31.92090395 -5 0 -31.63841808 -5 16.66666667 -31.63841808 -5 0 -31.3559322 -5 16.66666667 -31.3559322 -5 0 -31.07344633 -5 16.66666667 -31.07344633 -5 0 -30.79096045 -5 16.66666667 -30.79096045 -5 0 -30.50847458 -5 16.66666667 -30.50847458 -5 0 -30.2259887 -5 16.66666667 -30.2259887 -5 0 -29.94350282 -5 16.66666667 -29.94350282 -5 0 -29.66101695 -5 16.66666667 -29.66101695 -5 0 -29.37853107 -5 16.66666667 -29.37853107 -5 0 -29.0960452 -5 16.66666667 -29.0960452 -5 0 -28.81355932 -5 16.66666667 -28.81355932 -5 0 -28.53107345 -5 16.66666667 -28.53107345 -5 0 -28.24858757 -5 16.66666667 -28.24858757 -5 0 -27.96610169 -5 16.66666667 -27.96610169 -5 0 -27.68361582 -5 16.66666667 -27.68361582 -5 0 -27.40112994 -5 16.66666667 -27.40112994 -5 0 -27.11864407 -5 16.66666667 -27.11864407 -5 0 -26.83615819 -5 16.66666667 -26.83615819 -5 0 -26.55367232 -5 16.66666667 -26.55367232 -5 0 -26.27118644 -5 16.66666667 -26.27118644 -5 0 -25.98870056 -5 16.66666667 -25.98870056 -5 0 -25.70621469 -5 16.66666667 -25.70621469 -5 0 -25.42372881 -5 16.66666667 -25.42372881 -5 0 -25.14124294 -5 16.66666667 -25.14124294 -5 0 -24.85875706 -5 16.66666667 -24.85875706 -5 0 -24.57627119 -5 16.66666667 -24.57627119 -5 0 -24.29378531 -5 16.66666667 -24.29378531 -5 0 -24.01129944 -5 16.66666667 -24.01129944 -5 0 -23.72881356 -5 16.66666667 -23.72881356 -5 0 -23.44632768 -5 16.66666667 -23.44632768 -5 0 -23.16384181 -5 16.66666667 -23.16384181 -5 0 -22.88135593 -5 16.66666667 -22.88135593 -5 0 -22.59887006 -5 16.66666667 -22.59887006 -5 0 -22.31638418 -5 16.66666667 -22.31638418 -5 0 -22.03389831 -5 16.66666667 -22.03389831 -5 0 -21.75141243 -5 16.66666667 -21.75141243 -5 0 -21.46892655 -5 16.66666667 -21.46892655 -5 0 -21.18644068 -5 16.66666667 -21.18644068 -5 0 -20.9039548 -5 16.66666667 -20.9039548 -5 0 -20.62146893 -5 16.66666667 -20.62146893 -5 0 -20.33898305 -5 16.66666667 -20.33898305 -5 0 -20.05649718 -5 16.66666667 -20.05649718 -5 0 -19.7740113 -5 16.66666667 -19.7740113 -5 0 -19.49152542 -5 16.66666667 -19.49152542 -5 0 -19.20903955 -5 16.66666667 -19.20903955 -5 0 -18.92655367 -5 16.66666667 -18.92655367 -5 0 -18.6440678 -5 16.66666667 -18.6440678 -5 0 -18.36158192 -5 16.66666667 -18.36158192 -5 0 -18.07909605 -5 16.66666667 -18.07909605 -5 0 -17.79661017 -5 16.66666667 -17.79661017 -5 0 -17.51412429 -5 16.66666667 -17.51412429 -5 0 -17.23163842 -5 16.66666667 -17.23163842 -5 0 -16.94915254 -5 16.66666667 -16.94915254 -5 0 -16.66666667 -5 16.66666667 -16.66666667 -5 0 -16.38418079 -5 16.66666667 -16.38418079 -5 0 -16.10169492 -5 16.66666667 -16.10169492 -5 0 -15.81920904 -5 16.66666667 -15.81920904 -5 0 -15.53672316 -5 16.66666667 -15.53672316 -5 0 -15.25423729 -5 16.66666667 -15.25423729 -5 0 -14.97175141 -5 16.66666667 -14.97175141 -5 0 -14.68926554 -5 16.66666667 -14.68926554 -5 0 -14.40677966 -5 16.66666667 -14.40677966 -5 0 -14.12429379 -5 16.66666667 -14.12429379 -5 0 -13.84180791 -5 16.66666667 -13.84180791 -5 0 -13.55932203 -5 16.66666667 -13.55932203 -5 0 -13.27683616 -5 16.66666667 -13.27683616 -5 0 -12.99435028 -5 16.66666667 -12.99435028 -5 0 -12.71186441 -5 16.66666667 -12.71186441 -5 0 -12.42937853 -5 16.66666667 -12.42937853 -5 0 -12.14689266 -5 16.66666667 -12.14689266 -5 0 -11.86440678 -5 16.66666667 -11.86440678 -5 0 -11.5819209 -5 16.66666667 -11.5819209 -5 0 -11.29943503 -5 16.66666667 -11.29943503 -5 0 -11.01694915 -5 16.66666667 -11.01694915 -5 0 -10.73446328 -5 16.66666667 -10.73446328 -5 0 -10.4519774 -5 16.66666667 -10.4519774 -5 0 -10.16949153 -5 16.66666667 -10.16949153 -5 0 -9.88700565 -5 16.66666667 -9.88700565 -5 0 -9.60451977 -5 16.66666667 -9.60451977 -5 0 -9.3220339 -5 16.66666667 -9.3220339 -5 0 -9.03954802 -5 16.66666667 -9.03954802 -5 0 -8.75706215 -5 16.66666667 -8.75706215 -5 0 -8.47457627 -5 16.66666667 -8.47457627 -5 0 -8.1920904 -5 16.66666667 -8.1920904 -5 0 -7.90960452 -5 16.66666667 -7.90960452 -5 0 -7.62711864 -5 16.66666667 -7.62711864 -5 0 -7.34463277 -5 16.66666667 -7.34463277 -5 0 -7.06214689 -5 16.66666667 -7.06214689 -5 0 -6.77966102 -5 16.66666667 -6.77966102 -5 0 -6.49717514 -5 16.66666667 -6.49717514 -5 0 -6.21468927 -5 16.66666667 -6.21468927 -5 0 -5.93220339 -5 16.66666667 -5.93220339 -5 0 -5.64971751 -5 16.66666667 -5.64971751 -5 0 -5.36723164 -5 16.66666667 -5.36723164 -5 0 -5.08474576 -5 16.66666667 -5.08474576 -5 0 -4.80225989 -5 16.66666667 -4.80225989 -5 0 -4.51977401 -5 16.66666667 -4.51977401 -5 0 -4.23728814 -5 16.66666667 -4.23728814 -5 0 -3.95480226 -5 16.66666667 -3.95480226 -5 0 -3.67231638 -5 16.66666667 -3.67231638 -5 0 -3.38983051 -5 16.66666667 -3.38983051 -5 0 -3.10734463 -5 16.66666667 -3.10734463 -5 0 -2.82485876 -5 16.66666667 -2.82485876 -5 0 -2.54237288 -5 16.66666667 -2.54237288 -5 0 -2.25988701 -5 16.66666667 -2.25988701 -5 0 -1.97740113 -5 16.66666667 -1.97740113 -5 0 -1.69491525 -5 16.66666667 -1.69491525 -5 0 -1.41242938 -5 16.66666667 -1.41242938 -5 0 -1.1299435 -5 16.66666667 -1.1299435 -5 0 -0.84745763 -5 16.66666667 -0.84745763 -5 0 -0.56497175 -5 16.66666667 -0.56497175 -5 0 -0.28248588 -5 16.66666667 -0.28248588 -5 0 0 -5 16.66666667 0 -5 24.85875706 0 -5 16.94915254 -16.66666667 -5 16.66666667 16.66666667 -5 16.94915254 16.66666667 -5 17.23163842 -16.66666667 -5 17.23163842 16.66666667 -5 17.51412429 -16.66666667 -5 17.51412429 16.66666667 -5 17.79661017 -16.66666667 -5 17.79661017 16.66666667 -5 18.07909605 -16.66666667 -5 18.07909605 16.66666667 -5 18.36158192 -16.66666667 -5 18.36158192 16.66666667 -5 18.6440678 -16.66666667 -5 18.6440678 16.66666667 -5 18.92655367 -16.66666667 -5 18.92655367 16.66666667 -5 19.20903955 -16.66666667 -5 19.20903955 16.66666667 -5 19.49152542 -16.66666667 -5 19.49152542 16.66666667 -5 19.7740113 -16.66666667 -5 19.7740113 16.66666667 -5 20.05649718 -16.66666667 -5 20.05649718 16.66666667 -5 20.33898305 -16.66666667 -5 20.33898305 16.66666667 -5 20.62146893 -16.66666667 -5 20.62146893 16.66666667 -5 20.9039548 -16.66666667 -5 20.9039548 16.66666667 -5 21.18644068 -16.66666667 -5 21.18644068 16.66666667 -5 21.46892655 -16.66666667 -5 21.46892655 16.66666667 -5 21.75141243 -16.66666667 -5 21.75141243 16.66666667 -5 22.03389831 -16.66666667 -5 22.03389831 16.66666667 -5 22.31638418 -16.66666667 -5 22.31638418 16.66666667 -5 22.59887006 -16.66666667 -5 22.59887006 16.66666667 -5 22.88135593 -16.66666667 -5 22.88135593 16.66666667 -5 23.16384181 -16.66666667 -5 23.16384181 16.66666667 -5 23.44632768 -16.66666667 -5 23.44632768 16.66666667 -5 23.72881356 -16.66666667 -5 23.72881356 16.66666667 -5 24.01129944 -16.66666667 -5 24.01129944 16.66666667 -5 24.29378531 -16.66666667 -5 24.29378531 16.66666667 -5 24.57627119 -16.66666667 -5 24.57627119 16.66666667 -5 24.85875706 -16.66666667 -5 24.85875706 16.66666667 -5 25.14124294 -16.66666667 -5 25.14124294 16.66666667 -5 25.42372881 -16.66666667 -5 25.42372881 16.66666667 -5 25.70621469 -16.66666667 -5 25.70621469 16.66666667 -5 25.98870056 -16.66666667 -5 25.98870056 16.66666667 -5 26.27118644 -16.66666667 -5 26.27118644 16.66666667 -5 26.55367232 -16.66666667 -5 26.55367232 16.66666667 -5 26.83615819 -16.66666667 -5 26.83615819 16.66666667 -5 27.11864407 -16.66666667 -5 27.11864407 16.66666667 -5 27.40112994 -16.66666667 -5 27.40112994 16.66666667 -5 27.68361582 -16.66666667 -5 27.68361582 16.66666667 -5 27.96610169 -16.66666667 -5 27.96610169 16.66666667 -5 28.24858757 -16.66666667 -5 28.24858757 16.66666667 -5 28.53107345 -16.66666667 -5 28.53107345 16.66666667 -5 28.81355932 -16.66666667 -5 28.81355932 16.66666667 -5 29.0960452 -16.66666667 -5 29.0960452 16.66666667 -5 29.37853107 -16.66666667 -5 29.37853107 16.66666667 -5 29.66101695 -16.66666667 -5 29.66101695 16.66666667 -5 29.94350282 -16.66666667 -5 29.94350282 16.66666667 -5 30.2259887 -16.66666667 -5 30.2259887 16.66666667 -5 30.50847458 -16.66666667 -5 30.50847458 16.66666667 -5 30.79096045 -16.66666667 -5 30.79096045 16.66666667 -5 31.07344633 -16.66666667 -5 31.07344633 16.66666667 -5 31.3559322 -16.66666667 -5 31.3559322 16.66666667 -5 31.63841808 -16.66666667 -5 31.63841808 16.66666667 -5 31.92090395 -16.66666667 -5 31.92090395 16.66666667 -5 32.20338983 -16.66666667 -5 32.20338983 16.66666667 -5 32.48587571 -16.66666667 -5 32.48587571 16.66666667 -5 32.76836158 -16.66666667 -5 32.76836158 16.66666667 -5 33.05084746 -16.66666667 -5 33.05084746 16.66666667 -5 33.33333333 -16.66666667 -5 33.33333333 16.66666667 -5 33.33333333 -16.38418079 -5 33.33333333 -16.10169492 -5 33.33333333 -15.81920904 -5 33.33333333 -15.53672316 -5 33.33333333 -15.25423729 -5 33.33333333 -14.97175141 -5 33.33333333 -14.68926554 -5 33.33333333 -14.40677966 -5 33.33333333 -14.12429379 -5 33.33333333 -13.84180791 -5 33.33333333 -13.55932203 -5 33.33333333 -13.27683616 -5 33.33333333 -12.99435028 -5 33.33333333 -12.71186441 -5 33.33333333 -12.42937853 -5 33.33333333 -12.14689266 -5 33.33333333 -11.86440678 -5 33.33333333 -11.5819209 -5 33.33333333 -11.29943503 -5 33.33333333 -11.01694915 -5 33.33333333 -10.73446328 -5 33.33333333 -10.4519774 -5 33.33333333 -10.16949153 -5 33.33333333 -9.88700565 -5 33.33333333 -9.60451977 -5 33.33333333 -9.3220339 -5 33.33333333 -9.03954802 -5 33.33333333 -8.75706215 -5 33.33333333 -8.47457627 -5 33.33333333 -8.1920904 -5 33.33333333 -7.90960452 -5 33.33333333 -7.62711864 -5 33.33333333 -7.34463277 -5 33.33333333 -7.06214689 -5 33.33333333 -6.77966102 -5 33.33333333 -6.49717514 -5 33.33333333 -6.21468927 -5 33.33333333 -5.93220339 -5 33.33333333 -5.64971751 -5 33.33333333 -5.36723164 -5 33.33333333 -5.08474576 -5 33.33333333 -4.80225989 -5 33.33333333 -4.51977401 -5 33.33333333 -4.23728814 -5 33.33333333 -3.95480226 -5 33.33333333 -3.67231638 -5 33.33333333 -3.38983051 -5 33.33333333 -3.10734463 -5 33.33333333 -2.82485876 -5 33.33333333 -2.54237288 -5 33.33333333 -2.25988701 -5 33.33333333 -1.97740113 -5 33.33333333 -1.69491525 -5 33.33333333 -1.41242938 -5 33.33333333 -1.1299435 -5 33.33333333 -0.84745763 -5 33.33333333 -0.56497175 -5 33.33333333 -0.28248588 -5 33.33333333 0 -5 33.33333333 0.28248588 -5 16.66666667 0.56497175 -5 33.33333333 0.56497175 -5 16.66666667 0.84745763 -5 33.33333333 0.84745763 -5 16.66666667 1.1299435 -5 33.33333333 1.1299435 -5 16.66666667 1.41242938 -5 33.33333333 1.41242938 -5 16.66666667 1.69491525 -5 33.33333333 1.69491525 -5 16.66666667 1.97740113 -5 33.33333333 1.97740113 -5 16.66666667 2.25988701 -5 33.33333333 2.25988701 -5 16.66666667 2.54237288 -5 33.33333333 2.54237288 -5 16.66666667 2.82485876 -5 33.33333333 2.82485876 -5 16.66666667 3.10734463 -5 33.33333333 3.10734463 -5 16.66666667 3.38983051 -5 33.33333333 3.38983051 -5 16.66666667 3.67231638 -5 33.33333333 3.67231638 -5 16.66666667 3.95480226 -5 33.33333333 3.95480226 -5 16.66666667 4.23728814 -5 33.33333333 4.23728814 -5 16.66666667 4.51977401 -5 33.33333333 4.51977401 -5 16.66666667 4.80225989 -5 33.33333333 4.80225989 -5 16.66666667 5.08474576 -5 33.33333333 5.08474576 -5 16.66666667 5.36723164 -5 33.33333333 5.36723164 -5 16.66666667 5.64971751 -5 33.33333333 5.64971751 -5 16.66666667 5.93220339 -5 33.33333333 5.93220339 -5 16.66666667 6.21468927 -5 33.33333333 6.21468927 -5 16.66666667 6.49717514 -5 33.33333333 6.49717514 -5 16.66666667 6.77966102 -5 33.33333333 6.77966102 -5 16.66666667 7.06214689 -5 33.33333333 7.06214689 -5 16.66666667 7.34463277 -5 33.33333333 7.34463277 -5 16.66666667 7.62711864 -5 33.33333333 7.62711864 -5 16.66666667 7.90960452 -5 33.33333333 7.90960452 -5 16.66666667 8.1920904 -5 33.33333333 8.1920904 -5 16.66666667 8.47457627 -5 33.33333333 8.47457627 -5 16.66666667 8.75706215 -5 33.33333333 8.75706215 -5 16.66666667 9.03954802 -5 33.33333333 9.03954802 -5 16.66666667 9.3220339 -5 33.33333333 9.3220339 -5 16.66666667 9.60451977 -5 33.33333333 9.60451977 -5 16.66666667 9.88700565 -5 33.33333333 9.88700565 -5 16.66666667 10.16949153 -5 33.33333333 10.16949153 -5 16.66666667 10.4519774 -5 33.33333333 10.4519774 -5 16.66666667 10.73446328 -5 33.33333333 10.73446328 -5 16.66666667 11.01694915 -5 33.33333333 11.01694915 -5 16.66666667 11.29943503 -5 33.33333333 11.29943503 -5 16.66666667 11.5819209 -5 33.33333333 11.5819209 -5 16.66666667 11.86440678 -5 33.33333333 11.86440678 -5 16.66666667 12.14689266 -5 33.33333333 12.14689266 -5 16.66666667 12.42937853 -5 33.33333333 12.42937853 -5 16.66666667 12.71186441 -5 33.33333333 12.71186441 -5 16.66666667 12.99435028 -5 33.33333333 12.99435028 -5 16.66666667 13.27683616 -5 33.33333333 13.27683616 -5 16.66666667 13.55932203 -5 33.33333333 13.55932203 -5 16.66666667 13.84180791 -5 33.33333333 13.84180791 -5 16.66666667 14.12429379 -5 33.33333333 14.12429379 -5 16.66666667 14.40677966 -5 33.33333333 14.40677966 -5 16.66666667 14.68926554 -5 33.33333333 14.68926554 -5 16.66666667 14.97175141 -5 33.33333333 14.97175141 -5 16.66666667 15.25423729 -5 33.33333333 15.25423729 -5 16.66666667 15.53672316 -5 33.33333333 15.53672316 -5 16.66666667 15.81920904 -5 33.33333333 15.81920904 -5 16.66666667 16.10169492 -5 33.33333333 16.10169492 -5 16.66666667 16.38418079 -5 33.33333333 16.38418079 -5 -8.47457627 8.47457627 -5 -16.38418079 0 -5 -16.66666667 0 -5 -16.66666667 16.94915254 -5 -16.38418079 16.94915254 -5 -16.10169492 0 -5 -16.10169492 16.94915254 -5 -15.81920904 0 -5 -15.81920904 16.94915254 -5 -15.53672316 0 -5 -15.53672316 16.94915254 -5 -15.25423729 0 -5 -15.25423729 16.94915254 -5 -14.97175141 0 -5 -14.97175141 16.94915254 -5 -14.68926554 0 -5 -14.68926554 16.94915254 -5 -14.40677966 0 -5 -14.40677966 16.94915254 -5 -14.12429379 0 -5 -14.12429379 16.94915254 -5 -13.84180791 0 -5 -13.84180791 16.94915254 -5 -13.55932203 0 -5 -13.55932203 16.94915254 -5 -13.27683616 0 -5 -13.27683616 16.94915254 -5 -12.99435028 0 -5 -12.99435028 16.94915254 -5 -12.71186441 0 -5 -12.71186441 16.94915254 -5 -12.42937853 0 -5 -12.42937853 16.94915254 -5 -12.14689266 0 -5 -12.14689266 16.94915254 -5 -11.86440678 0 -5 -11.86440678 16.94915254 -5 -11.5819209 0 -5 -11.5819209 16.94915254 -5 -11.29943503 0 -5 -11.29943503 16.94915254 -5 -11.01694915 0 -5 -11.01694915 16.94915254 -5 -10.73446328 0 -5 -10.73446328 16.94915254 -5 -10.4519774 0 -5 -10.4519774 16.94915254 -5 -10.16949153 0 -5 -10.16949153 16.94915254 -5 -9.88700565 0 -5 -9.88700565 16.94915254 -5 -9.60451977 0 -5 -9.60451977 16.94915254 -5 -9.3220339 0 -5 -9.3220339 16.94915254 -5 -9.03954802 0 -5 -9.03954802 16.94915254 -5 -8.75706215 0 -5 -8.75706215 16.94915254 -5 -8.47457627 0 -5 -8.47457627 16.94915254 -5 -8.1920904 0 -5 -8.1920904 16.94915254 -5 -7.90960452 0 -5 -7.90960452 16.94915254 -5 -7.62711864 0 -5 -7.62711864 16.94915254 -5 -7.34463277 0 -5 -7.34463277 16.94915254 -5 -7.06214689 0 -5 -7.06214689 16.94915254 -5 -6.77966102 0 -5 -6.77966102 16.94915254 -5 -6.49717514 0 -5 -6.49717514 16.94915254 -5 -6.21468927 0 -5 -6.21468927 16.94915254 -5 -5.93220339 0 -5 -5.93220339 16.94915254 -5 -5.64971751 0 -5 -5.64971751 16.94915254 -5 -5.36723164 0 -5 -5.36723164 16.94915254 -5 -5.08474576 0 -5 -5.08474576 16.94915254 -5 -4.80225989 0 -5 -4.80225989 16.94915254 -5 -4.51977401 0 -5 -4.51977401 16.94915254 -5 -4.23728814 0 -5 -4.23728814 16.94915254 -5 -3.95480226 0 -5 -3.95480226 16.94915254 -5 -3.67231638 0 -5 -3.67231638 16.94915254 -5 -3.38983051 0 -5 -3.38983051 16.94915254 -5 -3.10734463 0 -5 -3.10734463 16.94915254 -5 -2.82485876 0 -5 -2.82485876 16.94915254 -5 -2.54237288 0 -5 -2.54237288 16.94915254 -5 -2.25988701 0 -5 -2.25988701 16.94915254 -5 -1.97740113 0 -5 -1.97740113 16.94915254 -5 -1.69491525 0 -5 -1.69491525 16.94915254 -5 -1.41242938 0 -5 -1.41242938 16.94915254 -5 -1.1299435 0 -5 -1.1299435 16.94915254 -5 -0.84745763 0 -5 -0.84745763 16.94915254 -5 -0.56497175 0 -5 -0.56497175 16.94915254 -5 -0.28248588 0 -5 -0.28248588 16.94915254 -5 0 16.94915254 -5 -16.66666667 0.28248588 -5 -16.66666667 0.56497175 -5 0 0.56497175 -5 -16.66666667 0.84745763 -5 0 0.84745763 -5 -16.66666667 1.1299435 -5 0 1.1299435 -5 -16.66666667 1.41242938 -5 0 1.41242938 -5 -16.66666667 1.69491525 -5 0 1.69491525 -5 -16.66666667 1.97740113 -5 0 1.97740113 -5 -16.66666667 2.25988701 -5 0 2.25988701 -5 -16.66666667 2.54237288 -5 0 2.54237288 -5 -16.66666667 2.82485876 -5 0 2.82485876 -5 -16.66666667 3.10734463 -5 0 3.10734463 -5 -16.66666667 3.38983051 -5 0 3.38983051 -5 -16.66666667 3.67231638 -5 0 3.67231638 -5 -16.66666667 3.95480226 -5 0 3.95480226 -5 -16.66666667 4.23728814 -5 0 4.23728814 -5 -16.66666667 4.51977401 -5 0 4.51977401 -5 -16.66666667 4.80225989 -5 0 4.80225989 -5 -16.66666667 5.08474576 -5 0 5.08474576 -5 -16.66666667 5.36723164 -5 0 5.36723164 -5 -16.66666667 5.64971751 -5 0 5.64971751 -5 -16.66666667 5.93220339 -5 0 5.93220339 -5 -16.66666667 6.21468927 -5 0 6.21468927 -5 -16.66666667 6.49717514 -5 0 6.49717514 -5 -16.66666667 6.77966102 -5 0 6.77966102 -5 -16.66666667 7.06214689 -5 0 7.06214689 -5 -16.66666667 7.34463277 -5 0 7.34463277 -5 -16.66666667 7.62711864 -5 0 7.62711864 -5 -16.66666667 7.90960452 -5 0 7.90960452 -5 -16.66666667 8.1920904 -5 0 8.1920904 -5 -16.66666667 8.47457627 -5 0 8.47457627 -5 -16.66666667 8.75706215 -5 0 8.75706215 -5 -16.66666667 9.03954802 -5 0 9.03954802 -5 -16.66666667 9.3220339 -5 0 9.3220339 -5 -16.66666667 9.60451977 -5 0 9.60451977 -5 -16.66666667 9.88700565 -5 0 9.88700565 -5 -16.66666667 10.16949153 -5 0 10.16949153 -5 -16.66666667 10.4519774 -5 0 10.4519774 -5 -16.66666667 10.73446328 -5 0 10.73446328 -5 -16.66666667 11.01694915 -5 0 11.01694915 -5 -16.66666667 11.29943503 -5 0 11.29943503 -5 -16.66666667 11.5819209 -5 0 11.5819209 -5 -16.66666667 11.86440678 -5 0 11.86440678 -5 -16.66666667 12.14689266 -5 0 12.14689266 -5 -16.66666667 12.42937853 -5 0 12.42937853 -5 -16.66666667 12.71186441 -5 0 12.71186441 -5 -16.66666667 12.99435028 -5 0 12.99435028 -5 -16.66666667 13.27683616 -5 0 13.27683616 -5 -16.66666667 13.55932203 -5 0 13.55932203 -5 -16.66666667 13.84180791 -5 0 13.84180791 -5 -16.66666667 14.12429379 -5 0 14.12429379 -5 -16.66666667 14.40677966 -5 0 14.40677966 -5 -16.66666667 14.68926554 -5 0 14.68926554 -5 -16.66666667 14.97175141 -5 0 14.97175141 -5 -16.66666667 15.25423729 -5 0 15.25423729 -5 -16.66666667 15.53672316 -5 0 15.53672316 -5 -16.66666667 15.81920904 -5 0 15.81920904 -5 -16.66666667 16.10169492 -5 0 16.10169492 -5 -16.66666667 16.38418079 -5 0 16.38418079 -5 -16.66666667 16.66666667 -5 0 16.66666667 -5 -25.14124294 25 -5 -33.05084746 16.66666667 -5 -33.33333333 16.66666667 -5 -33.33333333 33.33333333 -5 -33.05084746 33.33333333 -5 -32.76836158 16.66666667 -5 -32.76836158 33.33333333 -5 -32.48587571 16.66666667 -5 -32.48587571 33.33333333 -5 -32.20338983 16.66666667 -5 -32.20338983 33.33333333 -5 -31.92090395 16.66666667 -5 -31.92090395 33.33333333 -5 -31.63841808 16.66666667 -5 -31.63841808 33.33333333 -5 -31.3559322 16.66666667 -5 -31.3559322 33.33333333 -5 -31.07344633 16.66666667 -5 -31.07344633 33.33333333 -5 -30.79096045 16.66666667 -5 -30.79096045 33.33333333 -5 -30.50847458 16.66666667 -5 -30.50847458 33.33333333 -5 -30.2259887 16.66666667 -5 -30.2259887 33.33333333 -5 -29.94350282 16.66666667 -5 -29.94350282 33.33333333 -5 -29.66101695 16.66666667 -5 -29.66101695 33.33333333 -5 -29.37853107 16.66666667 -5 -29.37853107 33.33333333 -5 -29.0960452 16.66666667 -5 -29.0960452 33.33333333 -5 -28.81355932 16.66666667 -5 -28.81355932 33.33333333 -5 -28.53107345 16.66666667 -5 -28.53107345 33.33333333 -5 -28.24858757 16.66666667 -5 -28.24858757 33.33333333 -5 -27.96610169 16.66666667 -5 -27.96610169 33.33333333 -5 -27.68361582 16.66666667 -5 -27.68361582 33.33333333 -5 -27.40112994 16.66666667 -5 -27.40112994 33.33333333 -5 -27.11864407 16.66666667 -5 -27.11864407 33.33333333 -5 -26.83615819 16.66666667 -5 -26.83615819 33.33333333 -5 -26.55367232 16.66666667 -5 -26.55367232 33.33333333 -5 -26.27118644 16.66666667 -5 -26.27118644 33.33333333 -5 -25.98870056 16.66666667 -5 -25.98870056 33.33333333 -5 -25.70621469 16.66666667 -5 -25.70621469 33.33333333 -5 -25.42372881 16.66666667 -5 -25.42372881 33.33333333 -5 -25.14124294 16.66666667 -5 -25.14124294 33.33333333 -5 -24.85875706 16.66666667 -5 -24.85875706 33.33333333 -5 -24.57627119 16.66666667 -5 -24.57627119 33.33333333 -5 -24.29378531 16.66666667 -5 -24.29378531 33.33333333 -5 -24.01129944 16.66666667 -5 -24.01129944 33.33333333 -5 -23.72881356 16.66666667 -5 -23.72881356 33.33333333 -5 -23.44632768 16.66666667 -5 -23.44632768 33.33333333 -5 -23.16384181 16.66666667 -5 -23.16384181 33.33333333 -5 -22.88135593 16.66666667 -5 -22.88135593 33.33333333 -5 -22.59887006 16.66666667 -5 -22.59887006 33.33333333 -5 -22.31638418 16.66666667 -5 -22.31638418 33.33333333 -5 -22.03389831 16.66666667 -5 -22.03389831 33.33333333 -5 -21.75141243 16.66666667 -5 -21.75141243 33.33333333 -5 -21.46892655 16.66666667 -5 -21.46892655 33.33333333 -5 -21.18644068 16.66666667 -5 -21.18644068 33.33333333 -5 -20.9039548 16.66666667 -5 -20.9039548 33.33333333 -5 -20.62146893 16.66666667 -5 -20.62146893 33.33333333 -5 -20.33898305 16.66666667 -5 -20.33898305 33.33333333 -5 -20.05649718 16.66666667 -5 -20.05649718 33.33333333 -5 -19.7740113 16.66666667 -5 -19.7740113 33.33333333 -5 -19.49152542 16.66666667 -5 -19.49152542 33.33333333 -5 -19.20903955 16.66666667 -5 -19.20903955 33.33333333 -5 -18.92655367 16.66666667 -5 -18.92655367 33.33333333 -5 -18.6440678 16.66666667 -5 -18.6440678 33.33333333 -5 -18.36158192 16.66666667 -5 -18.36158192 33.33333333 -5 -18.07909605 16.66666667 -5 -18.07909605 33.33333333 -5 -17.79661017 16.66666667 -5 -17.79661017 33.33333333 -5 -17.51412429 16.66666667 -5 -17.51412429 33.33333333 -5 -17.23163842 16.66666667 -5 -17.23163842 33.33333333 -5 -16.94915254 16.66666667 -5 -16.94915254 33.33333333 -5 -16.66666667 33.33333333 -5 -33.33333333 16.94915254 -5 -33.33333333 17.23163842 -5 -16.66666667 17.23163842 -5 -33.33333333 17.51412429 -5 -16.66666667 17.51412429 -5 -33.33333333 17.79661017 -5 -16.66666667 17.79661017 -5 -33.33333333 18.07909605 -5 -16.66666667 18.07909605 -5 -33.33333333 18.36158192 -5 -16.66666667 18.36158192 -5 -33.33333333 18.6440678 -5 -16.66666667 18.6440678 -5 -33.33333333 18.92655367 -5 -16.66666667 18.92655367 -5 -33.33333333 19.20903955 -5 -16.66666667 19.20903955 -5 -33.33333333 19.49152542 -5 -16.66666667 19.49152542 -5 -33.33333333 19.7740113 -5 -16.66666667 19.7740113 -5 -33.33333333 20.05649718 -5 -16.66666667 20.05649718 -5 -33.33333333 20.33898305 -5 -16.66666667 20.33898305 -5 -33.33333333 20.62146893 -5 -16.66666667 20.62146893 -5 -33.33333333 20.9039548 -5 -16.66666667 20.9039548 -5 -33.33333333 21.18644068 -5 -16.66666667 21.18644068 -5 -33.33333333 21.46892655 -5 -16.66666667 21.46892655 -5 -33.33333333 21.75141243 -5 -16.66666667 21.75141243 -5 -33.33333333 22.03389831 -5 -16.66666667 22.03389831 -5 -33.33333333 22.31638418 -5 -16.66666667 22.31638418 -5 -33.33333333 22.59887006 -5 -16.66666667 22.59887006 -5 -33.33333333 22.88135593 -5 -16.66666667 22.88135593 -5 -33.33333333 23.16384181 -5 -16.66666667 23.16384181 -5 -33.33333333 23.44632768 -5 -16.66666667 23.44632768 -5 -33.33333333 23.72881356 -5 -16.66666667 23.72881356 -5 -33.33333333 24.01129944 -5 -16.66666667 24.01129944 -5 -33.33333333 24.29378531 -5 -16.66666667 24.29378531 -5 -33.33333333 24.57627119 -5 -16.66666667 24.57627119 -5 -33.33333333 24.85875706 -5 -16.66666667 24.85875706 -5 -33.33333333 25.14124294 -5 -16.66666667 25.14124294 -5 -33.33333333 25.42372881 -5 -16.66666667 25.42372881 -5 -33.33333333 25.70621469 -5 -16.66666667 25.70621469 -5 -33.33333333 25.98870056 -5 -16.66666667 25.98870056 -5 -33.33333333 26.27118644 -5 -16.66666667 26.27118644 -5 -33.33333333 26.55367232 -5 -16.66666667 26.55367232 -5 -33.33333333 26.83615819 -5 -16.66666667 26.83615819 -5 -33.33333333 27.11864407 -5 -16.66666667 27.11864407 -5 -33.33333333 27.40112994 -5 -16.66666667 27.40112994 -5 -33.33333333 27.68361582 -5 -16.66666667 27.68361582 -5 -33.33333333 27.96610169 -5 -16.66666667 27.96610169 -5 -33.33333333 28.24858757 -5 -16.66666667 28.24858757 -5 -33.33333333 28.53107345 -5 -16.66666667 28.53107345 -5 -33.33333333 28.81355932 -5 -16.66666667 28.81355932 -5 -33.33333333 29.0960452 -5 -16.66666667 29.0960452 -5 -33.33333333 29.37853107 -5 -16.66666667 29.37853107 -5 -33.33333333 29.66101695 -5 -16.66666667 29.66101695 -5 -33.33333333 29.94350282 -5 -16.66666667 29.94350282 -5 -33.33333333 30.2259887 -5 -16.66666667 30.2259887 -5 -33.33333333 30.50847458 -5 -16.66666667 30.50847458 -5 -33.33333333 30.79096045 -5 -16.66666667 30.79096045 -5 -33.33333333 31.07344633 -5 -16.66666667 31.07344633 -5 -33.33333333 31.3559322 -5 -16.66666667 31.3559322 -5 -33.33333333 31.63841808 -5 -16.66666667 31.63841808 -5 -33.33333333 31.92090395 -5 -16.66666667 31.92090395 -5 -33.33333333 32.20338983 -5 -16.66666667 32.20338983 -5 -33.33333333 32.48587571 -5 -16.66666667 32.48587571 -5 -33.33333333 32.76836158 -5 -16.66666667 32.76836158 -5 -33.33333333 33.05084746 -5 -16.66666667 33.05084746 -5 16.66666667 25 -5 0.28248588 16.66666667 -5 0 33.33333333 -5 0.28248588 33.33333333 -5 0.56497175 16.66666667 -5 0.56497175 33.33333333 -5 0.84745763 16.66666667 -5 0.84745763 33.33333333 -5 1.1299435 16.66666667 -5 1.1299435 33.33333333 -5 1.41242938 16.66666667 -5 1.41242938 33.33333333 -5 1.69491525 16.66666667 -5 1.69491525 33.33333333 -5 1.97740113 16.66666667 -5 1.97740113 33.33333333 -5 2.25988701 16.66666667 -5 2.25988701 33.33333333 -5 2.54237288 16.66666667 -5 2.54237288 33.33333333 -5 2.82485876 16.66666667 -5 2.82485876 33.33333333 -5 3.10734463 16.66666667 -5 3.10734463 33.33333333 -5 3.38983051 16.66666667 -5 3.38983051 33.33333333 -5 3.67231638 16.66666667 -5 3.67231638 33.33333333 -5 3.95480226 16.66666667 -5 3.95480226 33.33333333 -5 4.23728814 16.66666667 -5 4.23728814 33.33333333 -5 4.51977401 16.66666667 -5 4.51977401 33.33333333 -5 4.80225989 16.66666667 -5 4.80225989 33.33333333 -5 5.08474576 16.66666667 -5 5.08474576 33.33333333 -5 5.36723164 16.66666667 -5 5.36723164 33.33333333 -5 5.64971751 16.66666667 -5 5.64971751 33.33333333 -5 5.93220339 16.66666667 -5 5.93220339 33.33333333 -5 6.21468927 16.66666667 -5 6.21468927 33.33333333 -5 6.49717514 16.66666667 -5 6.49717514 33.33333333 -5 6.77966102 16.66666667 -5 6.77966102 33.33333333 -5 7.06214689 16.66666667 -5 7.06214689 33.33333333 -5 7.34463277 16.66666667 -5 7.34463277 33.33333333 -5 7.62711864 16.66666667 -5 7.62711864 33.33333333 -5 7.90960452 16.66666667 -5 7.90960452 33.33333333 -5 8.1920904 16.66666667 -5 8.1920904 33.33333333 -5 8.47457627 16.66666667 -5 8.47457627 33.33333333 -5 8.75706215 16.66666667 -5 8.75706215 33.33333333 -5 9.03954802 16.66666667 -5 9.03954802 33.33333333 -5 9.3220339 16.66666667 -5 9.3220339 33.33333333 -5 9.60451977 16.66666667 -5 9.60451977 33.33333333 -5 9.88700565 16.66666667 -5 9.88700565 33.33333333 -5 10.16949153 16.66666667 -5 10.16949153 33.33333333 -5 10.4519774 16.66666667 -5 10.4519774 33.33333333 -5 10.73446328 16.66666667 -5 10.73446328 33.33333333 -5 11.01694915 16.66666667 -5 11.01694915 33.33333333 -5 11.29943503 16.66666667 -5 11.29943503 33.33333333 -5 11.5819209 16.66666667 -5 11.5819209 33.33333333 -5 11.86440678 16.66666667 -5 11.86440678 33.33333333 -5 12.14689266 16.66666667 -5 12.14689266 33.33333333 -5 12.42937853 16.66666667 -5 12.42937853 33.33333333 -5 12.71186441 16.66666667 -5 12.71186441 33.33333333 -5 12.99435028 16.66666667 -5 12.99435028 33.33333333 -5 13.27683616 16.66666667 -5 13.27683616 33.33333333 -5 13.55932203 16.66666667 -5 13.55932203 33.33333333 -5 13.84180791 16.66666667 -5 13.84180791 33.33333333 -5 14.12429379 16.66666667 -5 14.12429379 33.33333333 -5 14.40677966 16.66666667 -5 14.40677966 33.33333333 -5 14.68926554 16.66666667 -5 14.68926554 33.33333333 -5 14.97175141 16.66666667 -5 14.97175141 33.33333333 -5 15.25423729 16.66666667 -5 15.25423729 33.33333333 -5 15.53672316 16.66666667 -5 15.53672316 33.33333333 -5 15.81920904 16.66666667 -5 15.81920904 33.33333333 -5 16.10169492 16.66666667 -5 16.10169492 33.33333333 -5 16.38418079 16.66666667 -5 16.38418079 33.33333333 -5 16.66666667 33.33333333 -5 16.94915254 33.33333333 -5 17.23163842 33.33333333 -5 17.51412429 33.33333333 -5 17.79661017 33.33333333 -5 18.07909605 33.33333333 -5 18.36158192 33.33333333 -5 18.6440678 33.33333333 -5 18.92655367 33.33333333 -5 19.20903955 33.33333333 -5 19.49152542 33.33333333 -5 19.7740113 33.33333333 -5 20.05649718 33.33333333 -5 20.33898305 33.33333333 -5 20.62146893 33.33333333 -5 20.9039548 33.33333333 -5 21.18644068 33.33333333 -5 21.46892655 33.33333333 -5 21.75141243 33.33333333 -5 22.03389831 33.33333333 -5 22.31638418 33.33333333 -5 22.59887006 33.33333333 -5 22.88135593 33.33333333 -5 23.16384181 33.33333333 -5 23.44632768 33.33333333 -5 23.72881356 33.33333333 -5 24.01129944 33.33333333 -5 24.29378531 33.33333333 -5 24.57627119 33.33333333 -5 24.85875706 33.33333333 -5 25.14124294 33.33333333 -5 25.42372881 33.33333333 -5 25.70621469 33.33333333 -5 25.98870056 33.33333333 -5 26.27118644 33.33333333 -5 26.55367232 33.33333333 -5 26.83615819 33.33333333 -5 27.11864407 33.33333333 -5 27.40112994 33.33333333 -5 27.68361582 33.33333333 -5 27.96610169 33.33333333 -5 28.24858757 33.33333333 -5 28.53107345 33.33333333 -5 28.81355932 33.33333333 -5 29.0960452 33.33333333 -5 29.37853107 33.33333333 -5 29.66101695 33.33333333 -5 29.94350282 33.33333333 -5 30.2259887 33.33333333 -5 30.50847458 33.33333333 -5 30.79096045 33.33333333 -5 31.07344633 33.33333333 -5 31.3559322 33.33333333 -5 31.63841808 33.33333333 -5 31.92090395 33.33333333 -5 32.20338983 33.33333333 -5 32.48587571 33.33333333 -5 32.76836158 33.33333333 -5 33.05084746 33.33333333 -5 33.33333333 33.33333333 -5 33.61581921 16.66666667 -5 33.61581921 33.33333333 -5 33.61581921 16.94915254 -5 0 17.23163842 -5 33.61581921 17.23163842 -5 0 17.51412429 -5 33.61581921 17.51412429 -5 0 17.79661017 -5 33.61581921 17.79661017 -5 0 18.07909605 -5 33.61581921 18.07909605 -5 0 18.36158192 -5 33.61581921 18.36158192 -5 0 18.6440678 -5 33.61581921 18.6440678 -5 0 18.92655367 -5 33.61581921 18.92655367 -5 0 19.20903955 -5 33.61581921 19.20903955 -5 0 19.49152542 -5 33.61581921 19.49152542 -5 0 19.7740113 -5 33.61581921 19.7740113 -5 0 20.05649718 -5 33.61581921 20.05649718 -5 0 20.33898305 -5 33.61581921 20.33898305 -5 0 20.62146893 -5 33.61581921 20.62146893 -5 0 20.9039548 -5 33.61581921 20.9039548 -5 0 21.18644068 -5 33.61581921 21.18644068 -5 0 21.46892655 -5 33.61581921 21.46892655 -5 0 21.75141243 -5 33.61581921 21.75141243 -5 0 22.03389831 -5 33.61581921 22.03389831 -5 0 22.31638418 -5 33.61581921 22.31638418 -5 0 22.59887006 -5 33.61581921 22.59887006 -5 0 22.88135593 -5 33.61581921 22.88135593 -5 0 23.16384181 -5 33.61581921 23.16384181 -5 0 23.44632768 -5 33.61581921 23.44632768 -5 0 23.72881356 -5 33.61581921 23.72881356 -5 0 24.01129944 -5 33.61581921 24.01129944 -5 0 24.29378531 -5 33.61581921 24.29378531 -5 0 24.57627119 -5 33.61581921 24.57627119 -5 0 24.85875706 -5 33.61581921 24.85875706 -5 0 25.14124294 -5 33.61581921 25.14124294 -5 0 25.42372881 -5 33.61581921 25.42372881 -5 0 25.70621469 -5 33.61581921 25.70621469 -5 0 25.98870056 -5 33.61581921 25.98870056 -5 0 26.27118644 -5 33.61581921 26.27118644 -5 0 26.55367232 -5 33.61581921 26.55367232 -5 0 26.83615819 -5 33.61581921 26.83615819 -5 0 27.11864407 -5 33.61581921 27.11864407 -5 0 27.40112994 -5 33.61581921 27.40112994 -5 0 27.68361582 -5 33.61581921 27.68361582 -5 0 27.96610169 -5 33.61581921 27.96610169 -5 0 28.24858757 -5 33.61581921 28.24858757 -5 0 28.53107345 -5 33.61581921 28.53107345 -5 0 28.81355932 -5 33.61581921 28.81355932 -5 0 29.0960452 -5 33.61581921 29.0960452 -5 0 29.37853107 -5 33.61581921 29.37853107 -5 0 29.66101695 -5 33.61581921 29.66101695 -5 0 29.94350282 -5 33.61581921 29.94350282 -5 0 30.2259887 -5 33.61581921 30.2259887 -5 0 30.50847458 -5 33.61581921 30.50847458 -5 0 30.79096045 -5 33.61581921 30.79096045 -5 0 31.07344633 -5 33.61581921 31.07344633 -5 0 31.3559322 -5 33.61581921 31.3559322 -5 0 31.63841808 -5 33.61581921 31.63841808 -5 0 31.92090395 -5 33.61581921 31.92090395 -5 0 32.20338983 -5 33.61581921 32.20338983 -5 0 32.48587571 -5 33.61581921 32.48587571 -5 0 32.76836158 -5 33.61581921 32.76836158 -5 0 33.05084746 -5 33.61581921 33.05084746 -5 16.94915254 -33.05084746 -5 16.94915254 -32.76836158 -5 16.94915254 -32.48587571 -5 16.94915254 -32.20338983 -5 16.94915254 -31.92090395 -5 16.94915254 -31.63841808 -5 16.94915254 -31.3559322 -5 16.94915254 -31.07344633 -5 16.94915254 -30.79096045 -5 16.94915254 -30.50847458 -5 16.94915254 -30.2259887 -5 16.94915254 -29.94350282 -5 16.94915254 -29.66101695 -5 16.94915254 -29.37853107 -5 16.94915254 -29.0960452 -5 16.94915254 -28.81355932 -5 16.94915254 -28.53107345 -5 16.94915254 -28.24858757 -5 16.94915254 -27.96610169 -5 16.94915254 -27.68361582 -5 16.94915254 -27.40112994 -5 16.94915254 -27.11864407 -5 16.94915254 -26.83615819 -5 16.94915254 -26.55367232 -5 16.94915254 -26.27118644 -5 16.94915254 -25.98870056 -5 16.94915254 -25.70621469 -5 16.94915254 -25.42372881 -5 16.94915254 -25.14124294 -5 16.94915254 -24.85875706 -5 16.94915254 -24.57627119 -5 16.94915254 -24.29378531 -5 16.94915254 -24.01129944 -5 16.94915254 -23.72881356 -5 16.94915254 -23.44632768 -5 16.94915254 -23.16384181 -5 16.94915254 -22.88135593 -5 16.94915254 -22.59887006 -5 16.94915254 -22.31638418 -5 16.94915254 -22.03389831 -5 16.94915254 -21.75141243 -5 16.94915254 -21.46892655 -5 16.94915254 -21.18644068 -5 16.94915254 -20.9039548 -5 16.94915254 -20.62146893 -5 16.94915254 -20.33898305 -5 16.94915254 -20.05649718 -5 16.94915254 -19.7740113 -5 16.94915254 -19.49152542 -5 16.94915254 -19.20903955 -5 16.94915254 -18.92655367 -5 16.94915254 -18.6440678 -5 16.94915254 -18.36158192 -5 16.94915254 -18.07909605 -5 16.94915254 -17.79661017 -5 16.94915254 -17.51412429 -5 16.94915254 -17.23163842 -5 16.94915254 -16.94915254 -5 33.61581921 -16.38418079 -5 33.61581921 -16.10169492 -5 33.61581921 -15.81920904 -5 33.61581921 -15.53672316 -5 33.61581921 -15.25423729 -5 33.61581921 -14.97175141 -5 33.61581921 -14.68926554 -5 33.61581921 -14.40677966 -5 33.61581921 -14.12429379 -5 33.61581921 -13.84180791 -5 33.61581921 -13.55932203 -5 33.61581921 -13.27683616 -5 33.61581921 -12.99435028 -5 33.61581921 -12.71186441 -5 33.61581921 -12.42937853 -5 33.61581921 -12.14689266 -5 33.61581921 -11.86440678 -5 33.61581921 -11.5819209 -5 33.61581921 -11.29943503 -5 33.61581921 -11.01694915 -5 33.61581921 -10.73446328 -5 33.61581921 -10.4519774 -5 33.61581921 -10.16949153 -5 33.61581921 -9.88700565 -5 33.61581921 -9.60451977 -5 33.61581921 -9.3220339 -5 33.61581921 -9.03954802 -5 33.61581921 -8.75706215 -5 33.61581921 -8.47457627 -5 33.61581921 -8.1920904 -5 33.61581921 -7.90960452 -5 33.61581921 -7.62711864 -5 33.61581921 -7.34463277 -5 33.61581921 -7.06214689 -5 33.61581921 -6.77966102 -5 33.61581921 -6.49717514 -5 33.61581921 -6.21468927 -5 33.61581921 -5.93220339 -5 33.61581921 -5.64971751 -5 33.61581921 -5.36723164 -5 33.61581921 -5.08474576 -5 33.61581921 -4.80225989 -5 33.61581921 -4.51977401 -5 33.61581921 -4.23728814 -5 33.61581921 -3.95480226 -5 33.61581921 -3.67231638 -5 33.61581921 -3.38983051 -5 33.61581921 -3.10734463 -5 33.61581921 -2.82485876 -5 33.61581921 -2.54237288 -5 33.61581921 -2.25988701 -5 33.61581921 -1.97740113 -5 33.61581921 -1.69491525 -5 33.61581921 -1.41242938 -5 33.61581921 -1.1299435 -5 33.61581921 -0.84745763 -5 33.61581921 -0.56497175 -5 33.61581921 -0.28248588 -5 33.61581921 0 -5 33.61581921 0.28248588 -5 0.28248588 0.56497175 -5 33.61581921 0.56497175 -5 0.28248588 0.84745763 -5 33.61581921 0.84745763 -5 0.28248588 1.1299435 -5 33.61581921 1.1299435 -5 0.28248588 1.41242938 -5 33.61581921 1.41242938 -5 0.28248588 1.69491525 -5 33.61581921 1.69491525 -5 0.28248588 1.97740113 -5 33.61581921 1.97740113 -5 0.28248588 2.25988701 -5 33.61581921 2.25988701 -5 0.28248588 2.54237288 -5 33.61581921 2.54237288 -5 0.28248588 2.82485876 -5 33.61581921 2.82485876 -5 0.28248588 3.10734463 -5 33.61581921 3.10734463 -5 0.28248588 3.38983051 -5 33.61581921 3.38983051 -5 0.28248588 3.67231638 -5 33.61581921 3.67231638 -5 0.28248588 3.95480226 -5 33.61581921 3.95480226 -5 0.28248588 4.23728814 -5 33.61581921 4.23728814 -5 0.28248588 4.51977401 -5 33.61581921 4.51977401 -5 0.28248588 4.80225989 -5 33.61581921 4.80225989 -5 0.28248588 5.08474576 -5 33.61581921 5.08474576 -5 0.28248588 5.36723164 -5 33.61581921 5.36723164 -5 0.28248588 5.64971751 -5 33.61581921 5.64971751 -5 0.28248588 5.93220339 -5 33.61581921 5.93220339 -5 0.28248588 6.21468927 -5 33.61581921 6.21468927 -5 0.28248588 6.49717514 -5 33.61581921 6.49717514 -5 0.28248588 6.77966102 -5 33.61581921 6.77966102 -5 0.28248588 7.06214689 -5 33.61581921 7.06214689 -5 0.28248588 7.34463277 -5 33.61581921 7.34463277 -5 0.28248588 7.62711864 -5 33.61581921 7.62711864 -5 0.28248588 7.90960452 -5 33.61581921 7.90960452 -5 0.28248588 8.1920904 -5 33.61581921 8.1920904 -5 0.28248588 8.47457627 -5 33.61581921 8.47457627 -5 0.28248588 8.75706215 -5 33.61581921 8.75706215 -5 0.28248588 9.03954802 -5 33.61581921 9.03954802 -5 0.28248588 9.3220339 -5 33.61581921 9.3220339 -5 0.28248588 9.60451977 -5 33.61581921 9.60451977 -5 0.28248588 9.88700565 -5 33.61581921 9.88700565 -5 0.28248588 10.16949153 -5 33.61581921 10.16949153 -5 0.28248588 10.4519774 -5 33.61581921 10.4519774 -5 0.28248588 10.73446328 -5 33.61581921 10.73446328 -5 0.28248588 11.01694915 -5 33.61581921 11.01694915 -5 0.28248588 11.29943503 -5 33.61581921 11.29943503 -5 0.28248588 11.5819209 -5 33.61581921 11.5819209 -5 0.28248588 11.86440678 -5 33.61581921 11.86440678 -5 0.28248588 12.14689266 -5 33.61581921 12.14689266 -5 0.28248588 12.42937853 -5 33.61581921 12.42937853 -5 0.28248588 12.71186441 -5 33.61581921 12.71186441 -5 0.28248588 12.99435028 -5 33.61581921 12.99435028 -5 0.28248588 13.27683616 -5 33.61581921 13.27683616 -5 0.28248588 13.55932203 -5 33.61581921 13.55932203 -5 0.28248588 13.84180791 -5 33.61581921 13.84180791 -5 0.28248588 14.12429379 -5 33.61581921 14.12429379 -5 0.28248588 14.40677966 -5 33.61581921 14.40677966 -5 0.28248588 14.68926554 -5 33.61581921 14.68926554 -5 0.28248588 14.97175141 -5 33.61581921 14.97175141 -5 0.28248588 15.25423729 -5 33.61581921 15.25423729 -5 0.28248588 15.53672316 -5 33.61581921 15.53672316 -5 0.28248588 15.81920904 -5 33.61581921 15.81920904 -5 0.28248588 16.10169492 -5 33.61581921 16.10169492 -5 0.28248588 16.38418079 -5 33.61581921 16.38418079 -5 -16.38418079 17.23163842 -5 -16.38418079 17.51412429 -5 -16.38418079 17.79661017 -5 -16.38418079 18.07909605 -5 -16.38418079 18.36158192 -5 -16.38418079 18.6440678 -5 -16.38418079 18.92655367 -5 -16.38418079 19.20903955 -5 -16.38418079 19.49152542 -5 -16.38418079 19.7740113 -5 -16.38418079 20.05649718 -5 -16.38418079 20.33898305 -5 -16.38418079 20.62146893 -5 -16.38418079 20.9039548 -5 -16.38418079 21.18644068 -5 -16.38418079 21.46892655 -5 -16.38418079 21.75141243 -5 -16.38418079 22.03389831 -5 -16.38418079 22.31638418 -5 -16.38418079 22.59887006 -5 -16.38418079 22.88135593 -5 -16.38418079 23.16384181 -5 -16.38418079 23.44632768 -5 -16.38418079 23.72881356 -5 -16.38418079 24.01129944 -5 -16.38418079 24.29378531 -5 -16.38418079 24.57627119 -5 -16.38418079 24.85875706 -5 -16.38418079 25.14124294 -5 -16.38418079 25.42372881 -5 -16.38418079 25.70621469 -5 -16.38418079 25.98870056 -5 -16.38418079 26.27118644 -5 -16.38418079 26.55367232 -5 -16.38418079 26.83615819 -5 -16.38418079 27.11864407 -5 -16.38418079 27.40112994 -5 -16.38418079 27.68361582 -5 -16.38418079 27.96610169 -5 -16.38418079 28.24858757 -5 -16.38418079 28.53107345 -5 -16.38418079 28.81355932 -5 -16.38418079 29.0960452 -5 -16.38418079 29.37853107 -5 -16.38418079 29.66101695 -5 -16.38418079 29.94350282 -5 -16.38418079 30.2259887 -5 -16.38418079 30.50847458 -5 -16.38418079 30.79096045 -5 -16.38418079 31.07344633 -5 -16.38418079 31.3559322 -5 -16.38418079 31.63841808 -5 -16.38418079 31.92090395 -5 -16.38418079 32.20338983 -5 -16.38418079 32.48587571 -5 -16.38418079 32.76836158 -5 -16.38418079 33.05084746 -5 -16.38418079 33.33333333 -5 -33.05084746 33.61581921 -5 -32.76836158 33.61581921 -5 -32.48587571 33.61581921 -5 -32.20338983 33.61581921 -5 -31.92090395 33.61581921 -5 -31.63841808 33.61581921 -5 -31.3559322 33.61581921 -5 -31.07344633 33.61581921 -5 -30.79096045 33.61581921 -5 -30.50847458 33.61581921 -5 -30.2259887 33.61581921 -5 -29.94350282 33.61581921 -5 -29.66101695 33.61581921 -5 -29.37853107 33.61581921 -5 -29.0960452 33.61581921 -5 -28.81355932 33.61581921 -5 -28.53107345 33.61581921 -5 -28.24858757 33.61581921 -5 -27.96610169 33.61581921 -5 -27.68361582 33.61581921 -5 -27.40112994 33.61581921 -5 -27.11864407 33.61581921 -5 -26.83615819 33.61581921 -5 -26.55367232 33.61581921 -5 -26.27118644 33.61581921 -5 -25.98870056 33.61581921 -5 -25.70621469 33.61581921 -5 -25.42372881 33.61581921 -5 -25.14124294 33.61581921 -5 -24.85875706 33.61581921 -5 -24.57627119 33.61581921 -5 -24.29378531 33.61581921 -5 -24.01129944 33.61581921 -5 -23.72881356 33.61581921 -5 -23.44632768 33.61581921 -5 -23.16384181 33.61581921 -5 -22.88135593 33.61581921 -5 -22.59887006 33.61581921 -5 -22.31638418 33.61581921 -5 -22.03389831 33.61581921 -5 -21.75141243 33.61581921 -5 -21.46892655 33.61581921 -5 -21.18644068 33.61581921 -5 -20.9039548 33.61581921 -5 -20.62146893 33.61581921 -5 -20.33898305 33.61581921 -5 -20.05649718 33.61581921 -5 -19.7740113 33.61581921 -5 -19.49152542 33.61581921 -5 -19.20903955 33.61581921 -5 -18.92655367 33.61581921 -5 -18.6440678 33.61581921 -5 -18.36158192 33.61581921 -5 -18.07909605 33.61581921 -5 -17.79661017 33.61581921 -5 -17.51412429 33.61581921 -5 -17.23163842 33.61581921 -5 -16.94915254 33.61581921 -5 -16.66666667 33.61581921 -5 -16.38418079 33.61581921 -5 0.28248588 33.61581921 -5 0.56497175 33.61581921 -5 0.84745763 33.61581921 -5 1.1299435 33.61581921 -5 1.41242938 33.61581921 -5 1.69491525 33.61581921 -5 1.97740113 33.61581921 -5 2.25988701 33.61581921 -5 2.54237288 33.61581921 -5 2.82485876 33.61581921 -5 3.10734463 33.61581921 -5 3.38983051 33.61581921 -5 3.67231638 33.61581921 -5 3.95480226 33.61581921 -5 4.23728814 33.61581921 -5 4.51977401 33.61581921 -5 4.80225989 33.61581921 -5 5.08474576 33.61581921 -5 5.36723164 33.61581921 -5 5.64971751 33.61581921 -5 5.93220339 33.61581921 -5 6.21468927 33.61581921 -5 6.49717514 33.61581921 -5 6.77966102 33.61581921 -5 7.06214689 33.61581921 -5 7.34463277 33.61581921 -5 7.62711864 33.61581921 -5 7.90960452 33.61581921 -5 8.1920904 33.61581921 -5 8.47457627 33.61581921 -5 8.75706215 33.61581921 -5 9.03954802 33.61581921 -5 9.3220339 33.61581921 -5 9.60451977 33.61581921 -5 9.88700565 33.61581921 -5 10.16949153 33.61581921 -5 10.4519774 33.61581921 -5 10.73446328 33.61581921 -5 11.01694915 33.61581921 -5 11.29943503 33.61581921 -5 11.5819209 33.61581921 -5 11.86440678 33.61581921 -5 12.14689266 33.61581921 -5 12.42937853 33.61581921 -5 12.71186441 33.61581921 -5 12.99435028 33.61581921 -5 13.27683616 33.61581921 -5 13.55932203 33.61581921 -5 13.84180791 33.61581921 -5 14.12429379 33.61581921 -5 14.40677966 33.61581921 -5 14.68926554 33.61581921 -5 14.97175141 33.61581921 -5 15.25423729 33.61581921 -5 15.53672316 33.61581921 -5 15.81920904 33.61581921 -5 16.10169492 33.61581921 -5 16.38418079 33.61581921 -5 16.66666667 33.61581921 -5 16.94915254 33.61581921 -5 17.23163842 33.61581921 -5 17.51412429 33.61581921 -5 17.79661017 33.61581921 -5 18.07909605 33.61581921 -5 18.36158192 33.61581921 -5 18.6440678 33.61581921 -5 18.92655367 33.61581921 -5 19.20903955 33.61581921 -5 19.49152542 33.61581921 -5 19.7740113 33.61581921 -5 20.05649718 33.61581921 -5 20.33898305 33.61581921 -5 20.62146893 33.61581921 -5 20.9039548 33.61581921 -5 21.18644068 33.61581921 -5 21.46892655 33.61581921 -5 21.75141243 33.61581921 -5 22.03389831 33.61581921 -5 22.31638418 33.61581921 -5 22.59887006 33.61581921 -5 22.88135593 33.61581921 -5 23.16384181 33.61581921 -5 23.44632768 33.61581921 -5 23.72881356 33.61581921 -5 24.01129944 33.61581921 -5 24.29378531 33.61581921 -5 24.57627119 33.61581921 -5 24.85875706 33.61581921 -5 25.14124294 33.61581921 -5 25.42372881 33.61581921 -5 25.70621469 33.61581921 -5 25.98870056 33.61581921 -5 26.27118644 33.61581921 -5 26.55367232 33.61581921 -5 26.83615819 33.61581921 -5 27.11864407 33.61581921 -5 27.40112994 33.61581921 -5 27.68361582 33.61581921 -5 27.96610169 33.61581921 -5 28.24858757 33.61581921 -5 28.53107345 33.61581921 -5 28.81355932 33.61581921 -5 29.0960452 33.61581921 -5 29.37853107 33.61581921 -5 29.66101695 33.61581921 -5 29.94350282 33.61581921 -5 30.2259887 33.61581921 -5 30.50847458 33.61581921 -5 30.79096045 33.61581921 -5 31.07344633 33.61581921 -5 31.3559322 33.61581921 -5 31.63841808 33.61581921 -5 31.92090395 33.61581921 -5 32.20338983 33.61581921 -5 32.48587571 33.61581921 -5 32.76836158 33.61581921 -5 33.05084746 33.61581921 -5 33.33333333 33.61581921 -5 33.61581921 33.61581921 -5</float_array>
          <technique_common>
            <accessor source="#pos_1-array" count="5661" stride="3">
              <param name="X" type="float"/>
              <param name="Y" type="float"/>
              <param name="Z" type="float"/>
            </accessor>
          </technique_common>
        </source>
        <source id="norm_1">
          <float_array id="norm_1-array" count="3">0 0 -1</float_array>
          <technique_common>
            <accessor source="#norm_1-array" count="3" stride="3">
              <param name="X" type="float"/>
              <param name="Y" type="float"/>
              <param name="Z" type="float"/>
            </accessor>
          </technique_common>
        </source>
        <source id="uvs_1">
          <float_array id="uvs_1-array" count="0"></float_array>
          <technique_common>
            <accessor source="#uvs_1-array" count="0" stride="2">
              <param name="S" type="float"/>
              <param name="T" type="float"/>
            </accessor>
          </technique_common>
        </source>
        <vertices id="vert_1">
          <input semantic="POSITION" source="#pos_1"/>
        </vertices>
        <triangles count="2480" material="mat_0">
          <input semantic="VERTEX" source="#vert_1" offset="0"/>
          <input semantic="NORMAL" source="#norm_1" offset="1"/>
          <p>0 0 1 0 2 0 3 0 4 0 0 0 0 0 5 0 1 0 4 0 6 0 0 0 0 0 7 0 5 0 6 0 8 0 0 0 0 0 9 0 7 0 8 0 10 0 0 0 0 0 11 0 9 0 10 0 12 0 0 0 0 0 13 0 11 0 12 0 14 0 0 0 0 0 15 0 13 0 14 0 16 0 0 0 0 0 17 0 15 0 16 0 18 0 0 0 0 0 19 0 17 0 18 0 20 0 0 0 0 0 21 0 19 0 20 0 22 0 0 0 0 0 23 0 21 0 22 0 24 0 0 0 0 0 25 0 23 0 24 0 26 0 0 0 0 0 27 0 25 0 26 0 28 0 0 0 0 0 29 0 27 0 28 0 30 0 0 0 0 0 31 0 29 0 30 0 32 0 0 0 0 0 33 0 31 0 32 0 34 0 0 0 0 0 35 0 33 0 34 0 36 0 0 0 0 0 37 0 35 0 36 0 38 0 0 0 0 0 39 0 37 0 38 0 40 0 0 0 0 0 41 0 39 0 40 0 42 0 0 0 0 0 43 0 41 0 42 0 44 0 0 0 0 0 45 0 43 0 44 0 46 0 0 0 0 0 47 0 45 0 46 0 48 0 0 0 0 0 49 0 47 0 48 0 50 0 0 0 0 0 51 0 49 0 50 0 52 0 0 0 0 0 53 0 51 0 52 0 54 0 0 0 0 0 55 0 53 0 54 0 56 0 0 0 0 0 57 0 55 0 56 0 58 0 0 0 0 0 59 0 57 0 58 0 60 0 0 0 0 0 61 0 59 0 60 0 62 0 0 0 0 0 63 0 61 0 62 0 64 0 0 0 0 0 65 0 63 0 64 0 66 0 0 0 0 0 67 0 65 0 66 0 68 0 0 0 0 0 69 0 67 0 68 0 70 0 0 0 0 0 71 0 69 0 70 0 72 0 0 0 0 0 73 0 71 0 72 0 74 0 0 0 0 0 75 0 73 0 74 0 76 0 0 0 0 0 77 0 75 0 76 0 78 0 0 0 0 0 79 0 77 0 78 0 80 0 0 0 0 0 81 0 79 0 80 0 82 0 0 0 0 0 83 0 81 0 82 0 84 0 0 0 0 0 85 0 83 0 84 0 86 0 0 0 0 0 87 0 85 0 86 0 88 0 0 0 0 0 89 0 87 0 88 0 90 0 0 0 0 0 91 0 89 0 90 0 92 0 0 0 0 0 93 0 91 0 92 0 94 0 0 0 0 0 95 0 93 0 94 0 96 0 0 0 0 0 97 0 95 0 96 0 98 0 0 0 0 0 99 0 97 0 98 0 100 0 0 0 0 0 101 0 99 0 100 0 102 0 0 0 0 0 103 0 101 0 102 0 104 0 0 0 0 0 105 0 103 0 104 0 106 0 0 0 0 0 107 0 105 0 106 0 108 0 0 0 0 0 109 0 107 0 108 0 110 0 0 0 0 0 111 0 109 0 110 0 112 0 0 0 0 0 113 0 111 0 112 0 114 0 0 0 0 0 115 0 113 0 114 0 116 0 0 0 0 0 117 0 115 0 116 0 118 0 0 0 0 0 119 0 117 0 118 0 120 0 0 0 121 0 0 0 2 0 0 0 122 0 119 0 123 0 0 0 121 0 0 0 124 0 122 0 125 0 0 0 123 0 0 0 126 0 124 0 127 0 0 0 125 0 0 0 128 0 126 0 129 0 0 0 127 0 0 0 130 0 128 0 131 0 0 0 129 0 0 0 132 0 130 0 133 0 0 0 131 0 0 0 134 0 132 0 135 0 0 0 133 0 0 0 136 0 134 0 137 0 0 0 135 0 0 0 138 0 136 0 139 0 0 0 137 0 0 0 140 0 138 0 141 0 0 0 139 0 0 0 142 0 140 0 143 0 0 0 141 0 0 0 144 0 142 0 145 0 0 0 143 0 0 0 146 0 144 0 147 0 0 0 145 0 0 0 148 0 146 0 149 0 0 0 147 0 0 0 150 0 148 0 151 0 0 0 149 0 0 0 152 0 150 0 153 0 0 0 151 0 0 0 154 0 152 0 155 0 0 0 153 0 0 0 156 0 154 0 157 0 0 0 155 0 0 0 158 0 156 0 159 0 0 0 157 0 0 0 160 0 158 0 161 0 0 0 159 0 0 0 162 0 160 0 163 0 0 0 161 0 0 0 164 0 162 0 165 0 0 0 163 0 0 0 166 0 164 0 167 0 0 0 165 0 0 0 168 0 166 0 169 0 0 0 167 0 0 0 170 0 168 0 171 0 0 0 169 0 0 0 172 0 170 0 173 0 0 0 171 0 0 0 174 0 172 0 175 0 0 0 173 0 0 0 176 0 174 0 177 0 0 0 175 0 0 0 178 0 176 0 179 0 0 0 177 0 0 0 180 0 178 0 181 0 0 0 179 0 0 0 182 0 180 0 183 0 0 0 181 0 0 0 184 0 182 0 185 0 0 0 183 0 0 0 186 0 184 0 187 0 0 0 185 0 0 0 188 0 186 0 189 0 0 0 187 0 0 0 190 0 188 0 191 0 0 0 189 0 0 0 192 0 190 0 193 0 0 0 191 0 0 0 194 0 192 0 195 0 0 0 193 0 0 0 196 0 194 0 197 0 0 0 195 0 0 0 198 0 196 0 199 0 0 0 197 0 0 0 200 0 198 0 201 0 0 0 199 0 0 0 202 0 200 0 203 0 0 0 201 0 0 0 204 0 202 0 205 0 0 0 203 0 0 0 206 0 204 0 207 0 0 0 205 0 0 0 208 0 206 0 209 0 0 0 207 0 0 0 210 0 208 0 211 0 0 0 209 0 0 0 212 0 210 0 213 0 0 0 211 0 0 0 214 0 212 0 215 0 0 0 213 0 0 0 216 0 214 0 217 0 0 0 215 0 0 0 218 0 216 0 219 0 0 0 217 0 0 0 220 0 218 0 221 0 0 0 219 0 0 0 222 0 220 0 223 0 0 0 221 0 0 0 224 0 222 0 225 0 0 0 223 0 0 0 226 0 224 0 227 0 0 0 225 0 0 0 228 0 226 0 229 0 0 0 227 0 0 0 230 0 228 0 231 0 0 0 229 0 0 0 232 0 230 0 233 0 0 0 231 0 0 0 234 0 232 0 235 0 0 0 233 0 0 0 236 0 234 0 237 0 0 0 235 0 0 0 238 0 236 0 239 0 0 0 237 0 0 0 240 0 238 0 241 0 0 0 239 0 0 0 242 0 240 0 243 0 0 0 241 0 0 0 244 0 242 0 245 0 0 0 243 0 0 0 246 0 244 0 247 0 0 0 245 0 0 0 248 0 246 0 249 0 0 0 247 0 0 0 250 0 248 0 251 0 0 0 249 0 0 0 252 0 250 0 253 0 0 0 251 0 0 0 254 0 252 0 255 0 0 0 253 0 0 0 256 0 254 0 257 0 0 0 255 0 0 0 258 0 256 0 259 0 0 0 257 0 0 0 260 0 258 0 261 0 0 0 259 0 0 0 262 0 260 0 263 0 0 0 261 0 0 0 264 0 262 0 265 0 0 0 263 0 0 0 266 0 264 0 267 0 0 0 265 0 0 0 268 0 266 0 269 0 0 0 267 0 0 0 270 0 268 0 271 0 0 0 269 0 0 0 272 0 270 0 273 0 0 0 271 0 0 0 274 0 272 0 275 0 0 0 273 0 0 0 276 0 274 0 277 0 0 0 275 0 0 0 278 0 276 0 279 0 0 0 277 0 0 0 280 0 278 0 281 0 0 0 279 0 0 0 282 0 280 0 283 0 0 0 281 0 0 0 284 0 282 0 285 0 0 0 283 0 0 0 286 0 284 0 287 0 0 0 285 0 0 0 288 0 286 0 289 0 0 0 287 0 0 0 290 0 288 0 291 0 0 0 289 0 0 0 292 0 290 0 293 0 0 0 291 0 0 0 294 0 292 0 295 0 0 0 293 0 0 0 296 0 294 0 297 0 0 0 295 0 0 0 298 0 296 0 299 0 0 0 297 0 0 0 300 0 298 0 301 0 0 0 299 0 0 0 302 0 300 0 303 0 0 0 301 0 0 0 304 0 302 0 305 0 0 0 303 0 0 0 306 0 304 0 307 0 0 0 305 0 0 0 308 0 306 0 309 0 0 0 307 0 0 0 310 0 308 0 311 0 0 0 309 0 0 0 312 0 310 0 313 0 0 0 311 0 0 0 314 0 312 0 315 0 0 0 313 0 0 0 316 0 314 0 317 0 0 0 315 0 0 0 318 0 316 0 319 0 0 0 317 0 0 0 320 0 318 0 321 0 0 0 319 0 0 0 322 0 320 0 323 0 0 0 321 0 0 0 324 0 322 0 325 0 0 0 323 0 0 0 326 0 324 0 327 0 0 0 325 0 0 0 328 0 326 0 329 0 0 0 327 0 0 0 330 0 328 0 331 0 0 0 329 0 0 0 332 0 330 0 333 0 0 0 331 0 0 0 334 0 332 0 335 0 0 0 333 0 0 0 336 0 334 0 337 0 0 0 335 0 0 0 338 0 336 0 339 0 0 0 337 0 0 0 340 0 338 0 341 0 0 0 339 0 0 0 342 0 340 0 343 0 0 0 341 0 0 0 344 0 342 0 345 0 0 0 343 0 0 0 346 0 344 0 347 0 0 0 345 0 0 0 348 0 346 0 349 0 0 0 347 0 0 0 350 0 348 0 351 0 0 0 349 0 0 0 352 0 350 0 353 0 0 0 351 0 0 0 354 0 352 0 355 0 0 0 353 0 0 0 356 0 354 0 3 0 0 0 355 0 0 0 120 0 356 0 357 0 358 0 238 0 359 0 360 0 357 0 357 0 361 0 358 0 360 0 362 0 357 0 357 0 363 0 361 0 362 0 364 0 357 0 357 0 365 0 363 0 364 0 366 0 357 0 357 0 367 0 365 0 366 0 368 0 357 0 357 0 369 0 367 0 368 0 370 0 357 0 357 0 371 0 369 0 370 0 372 0 357 0 357 0 373 0 371 0 372 0 374 0 357 0 357 0 375 0 373 0 374 0 376 0 357 0 357 0 377 0 375 0 376 0 378 0 357 0 357 0 379 0 377 0 378 0 380 0 357 0 357 0 381 0 379 0 380 0 382 0 357 0 357 0 383 0 381 0 382 0 384 0 357 0 357 0 385 0 383 0 384 0 386 0 357 0 357 0 387 0 385 0 386 0 388 0 357 0 357 0 389 0 387 0 388 0 390 0 357 0 357 0 391 0 389 0 390 0 392 0 357 0 357 0 393 0 391 0 392 0 394 0 357 0 357 0 395 0 393 0 394 0 396 0 357 0 357 0 397 0 395 0 396 0 398 0 357 0 357 0 399 0 397 0 398 0 400 0 357 0 357 0 401 0 399 0 400 0 402 0 357 0 357 0 403 0 401 0 402 0 404 0 357 0 357 0 405 0 403 0 404 0 406 0 357 0 357 0 407 0 405 0 406 0 408 0 357 0 357 0 409 0 407 0 408 0 410 0 357 0 357 0 411 0 409 0 410 0 412 0 357 0 357 0 413 0 411 0 412 0 414 0 357 0 357 0 415 0 413 0 414 0 416 0 357 0 357 0 417 0 415 0 416 0 418 0 357 0 357 0 419 0 417 0 418 0 420 0 357 0 357 0 421 0 419 0 420 0 422 0 357 0 357 0 423 0 421 0 422 0 424 0 357 0 357 0 425 0 423 0 424 0 426 0 357 0 357 0 427 0 425 0 426 0 428 0 357 0 357 0 429 0 427 0 428 0 430 0 357 0 357 0 431 0 429 0 430 0 432 0 357 0 357 0 433 0 431 0 432 0 434 0 357 0 357 0 435 0 433 0 434 0 436 0 357 0 357 0 437 0 435 0 436 0 438 0 357 0 357 0 439 0 437 0 438 0 440 0 357 0 357 0 441 0 439 0 440 0 442 0 357 0 357 0 443 0 441 0 442 0 444 0 357 0 357 0 445 0 443 0 444 0 446 0 357 0 357 0 447 0 445 0 446 0 448 0 357 0 357 0 449 0 447 0 448 0 450 0 357 0 357 0 451 0 449 0 450 0 452 0 357 0 357 0 453 0 451 0 452 0 454 0 357 0 357 0 455 0 453 0 454 0 456 0 357 0 357 0 457 0 455 0 456 0 458 0 357 0 357 0 459 0 457 0 458 0 460 0 357 0 357 0 461 0 459 0 460 0 462 0 357 0 357 0 463 0 461 0 462 0 464 0 357 0 357 0 465 0 463 0 464 0 466 0 357 0 357 0 467 0 465 0 466 0 468 0 357 0 357 0 469 0 467 0 468 0 470 0 357 0 357 0 471 0 469 0 470 0 472 0 357 0 357 0 473 0 471 0 472 0 474 0 357 0 357 0 475 0 473 0 474 0 476 0 357 0 240 0 357 0 238 0 357 0 477 0 475 0 242 0 357 0 240 0 357 0 478 0 477 0 244 0 357 0 242 0 357 0 479 0 478 0 246 0 357 0 244 0 357 0 480 0 479 0 248 0 357 0 246 0 357 0 481 0 480 0 250 0 357 0 248 0 357 0 482 0 481 0 252 0 357 0 250 0 357 0 483 0 482 0 254 0 357 0 252 0 357 0 484 0 483 0 256 0 357 0 254 0 357 0 485 0 484 0 258 0 357 0 256 0 357 0 486 0 485 0 260 0 357 0 258 0 357 0 487 0 486 0 262 0 357 0 260 0 357 0 488 0 487 0 264 0 357 0 262 0 357 0 489 0 488 0 266 0 357 0 264 0 357 0 490 0 489 0 268 0 357 0 266 0 357 0 491 0 490 0 270 0 357 0 268 0 357 0 492 0 491 0 272 0 357 0 270 0 357 0 493 0 492 0 274 0 357 0 272 0 357 0 494 0 493 0 276 0 357 0 274 0 357 0 495 0 494 0 278 0 357 0 276 0 357 0 496 0 495 0 280 0 357 0 278 0 357 0 497 0 496 0 282 0 357 0 280 0 357 0 498 0 497 0 284 0 357 0 282 0 357 0 499 0 498 0 286 0 357 0 284 0 357 0 500 0 499 0 288 0 357 0 286 0 357 0 501 0 500 0 290 0 357 0 288 0 357 0 502 0 501 0 292 0 357 0 290 0 357 0 503 0 502 0 294 0 357 0 292 0 357 0 504 0 503 0 296 0 357 0 294 0 357 0 505 0 504 0 298 0 357 0 296 0 357 0 506 0 505 0 300 0 357 0 298 0 357 0 507 0 506 0 302 0 357 0 300 0 357 0 508 0 507 0 304 0 357 0 302 0 357 0 509 0 508 0 306 0 357 0 304 0 357 0 510 0 509 0 308 0 357 0 306 0 357 0 511 0 510 0 310 0 357 0 308 0 357 0 512 0 511 0 312 0 357 0 310 0 357 0 513 0 512 0 314 0 357 0 312 0 357 0 514 0 513 0 316 0 357 0 314 0 357 0 515 0 514 0 318 0 357 0 316 0 357 0 516 0 515 0 320 0 357 0 318 0 357 0 517 0 516 0 322 0 357 0 320 0 357 0 518 0 517 0 324 0 357 0 322 0 357 0 519 0 518 0 326 0 357 0 324 0 357 0 520 0 519 0 328 0 357 0 326 0 357 0 521 0 520 0 330 0 357 0 328 0 357 0 522 0 521 0 332 0 357 0 330 0 357 0 523 0 522 0 334 0 357 0 332 0 357 0 524 0 523 0 336 0 357 0 334 0 357 0 525 0 524 0 338 0 357 0 336 0 357 0 526 0 525 0 340 0 357 0 338 0 357 0 527 0 526 0 342 0 357 0 340 0 357 0 528 0 527 0 344 0 357 0 342 0 357 0 529 0 528 0 346 0 357 0 344 0 357 0 530 0 529 0 348 0 357 0 346 0 357 0 531 0 530 0 350 0 357 0 348 0 357 0 532 0 531 0 352 0 357 0 350 0 357 0 533 0 532 0 354 0 357 0 352 0 357 0 534 0 533 0 356 0 357 0 354 0 357 0 535 0 534 0 120 0 357 0 356 0 357 0 536 0 535 0 537 0 357 0 120 0 357 0 538 0 536 0 539 0 357 0 537 0 357 0 540 0 538 0 541 0 357 0 539 0 357 0 542 0 540 0 543 0 357 0 541 0 357 0 544 0 542 0 545 0 357 0 543 0 357 0 546 0 544 0 547 0 357 0 545 0 357 0 548 0 546 0 549 0 357 0 547 0 357 0 550 0 548 0 551 0 357 0 549 0 357 0 552 0 550 0 553 0 357 0 551 0 357 0 554 0 552 0 555 0 357 0 553 0 357 0 556 0 554 0 557 0 357 0 555 0 357 0 558 0 556 0 559 0 357 0 557 0 357 0 560 0 558 0 561 0 357 0 559 0 357 0 562 0 560 0 563 0 357 0 561 0 357 0 564 0 562 0 565 0 357 0 563 0 357 0 566 0 564 0 567 0 357 0 565 0 357 0 568 0 566 0 569 0 357 0 567 0 357 0 570 0 568 0 571 0 357 0 569 0 357 0 572 0 570 0 573 0 357 0 571 0 357 0 574 0 572 0 575 0 357 0 573 0 357 0 576 0 574 0 577 0 357 0 575 0 357 0 578 0 576 0 579 0 357 0 577 0 357 0 580 0 578 0 581 0 357 0 579 0 357 0 582 0 580 0 583 0 357 0 581 0 357 0 584 0 582 0 585 0 357 0 583 0 357 0 586 0 584 0 587 0 357 0 585 0 357 0 588 0 586 0 589 0 357 0 587 0 357 0 590 0 588 0 591 0 357 0 589 0 357 0 592 0 590 0 593 0 357 0 591 0 357 0 594 0 592 0 595 0 357 0 593 0 357 0 596 0 594 0 597 0 357 0 595 0 357 0 598 0 596 0 599 0 357 0 597 0 357 0 600 0 598 0 601 0 357 0 599 0 357 0 602 0 600 0 603 0 357 0 601 0 357 0 604 0 602 0 605 0 357 0 603 0 357 0 606 0 604 0 607 0 357 0 605 0 357 0 608 0 606 0 609 0 357 0 607 0 357 0 610 0 608 0 611 0 357 0 609 0 357 0 612 0 610 0 613 0 357 0 611 0 357 0 614 0 612 0 615 0 357 0 613 0 357 0 616 0 614 0 617 0 357 0 615 0 357 0 618 0 616 0 619 0 357 0 617 0 357 0 620 0 618 0 621 0 357 0 619 0 357 0 622 0 620 0 623 0 357 0 621 0 357 0 624 0 622 0 625 0 357 0 623 0 357 0 626 0 624 0 627 0 357 0 625 0 357 0 628 0 626 0 629 0 357 0 627 0 357 0 630 0 628 0 631 0 357 0 629 0 357 0 632 0 630 0 633 0 357 0 631 0 357 0 634 0 632 0 635 0 357 0 633 0 357 0 636 0 634 0 637 0 357 0 635 0 357 0 638 0 636 0 639 0 357 0 637 0 357 0 640 0 638 0 641 0 357 0 639 0 357 0 642 0 640 0 643 0 357 0 641 0 357 0 644 0 642 0 645 0 357 0 643 0 357 0 646 0 644 0 647 0 357 0 645 0 357 0 648 0 646 0 649 0 357 0 647 0 357 0 650 0 648 0 359 0 357 0 649 0 357 0 476 0 650 0 651 0 652 0 653 0 654 0 655 0 651 0 651 0 656 0 652 0 655 0 657 0 651 0 651 0 658 0 656 0 657 0 659 0 651 0 651 0 660 0 658 0 659 0 661 0 651 0 651 0 662 0 660 0 661 0 663 0 651 0 651 0 664 0 662 0 663 0 665 0 651 0 651 0 666 0 664 0 665 0 667 0 651 0 651 0 668 0 666 0 667 0 669 0 651 0 651 0 670 0 668 0 669 0 671 0 651 0 651 0 672 0 670 0 671 0 673 0 651 0 651 0 674 0 672 0 673 0 675 0 651 0 651 0 676 0 674 0 675 0 677 0 651 0 651 0 678 0 676 0 677 0 679 0 651 0 651 0 680 0 678 0 679 0 681 0 651 0 651 0 682 0 680 0 681 0 683 0 651 0 651 0 684 0 682 0 683 0 685 0 651 0 651 0 686 0 684 0 685 0 687 0 651 0 651 0 688 0 686 0 687 0 689 0 651 0 651 0 690 0 688 0 689 0 691 0 651 0 651 0 692 0 690 0 691 0 693 0 651 0 651 0 694 0 692 0 693 0 695 0 651 0 651 0 696 0 694 0 695 0 697 0 651 0 651 0 698 0 696 0 697 0 699 0 651 0 651 0 700 0 698 0 699 0 701 0 651 0 651 0 702 0 700 0 701 0 703 0 651 0 651 0 704 0 702 0 703 0 705 0 651 0 651 0 706 0 704 0 705 0 707 0 651 0 651 0 708 0 706 0 707 0 709 0 651 0 651 0 710 0 708 0 709 0 711 0 651 0 651 0 712 0 710 0 711 0 713 0 651 0 651 0 714 0 712 0 713 0 715 0 651 0 651 0 716 0 714 0 715 0 717 0 651 0 651 0 718 0 716 0 717 0 719 0 651 0 651 0 720 0 718 0 719 0 721 0 651 0 651 0 722 0 720 0 721 0 723 0 651 0 651 0 724 0 722 0 723 0 725 0 651 0 651 0 726 0 724 0 725 0 727 0 651 0 651 0 728 0 726 0 727 0 729 0 651 0 651 0 730 0 728 0 729 0 731 0 651 0 651 0 732 0 730 0 731 0 733 0 651 0 651 0 734 0 732 0 733 0 735 0 651 0 651 0 736 0 734 0 735 0 737 0 651 0 651 0 738 0 736 0 737 0 739 0 651 0 651 0 740 0 738 0 739 0 741 0 651 0 651 0 742 0 740 0 741 0 743 0 651 0 651 0 744 0 742 0 743 0 745 0 651 0 651 0 746 0 744 0 745 0 747 0 651 0 651 0 748 0 746 0 747 0 749 0 651 0 651 0 750 0 748 0 749 0 751 0 651 0 651 0 752 0 750 0 751 0 753 0 651 0 651 0 754 0 752 0 753 0 755 0 651 0 651 0 756 0 754 0 755 0 757 0 651 0 651 0 758 0 756 0 757 0 759 0 651 0 651 0 760 0 758 0 759 0 761 0 651 0 651 0 762 0 760 0 761 0 763 0 651 0 651 0 764 0 762 0 763 0 765 0 651 0 651 0 766 0 764 0 765 0 767 0 651 0 651 0 768 0 766 0 767 0 769 0 651 0 651 0 355 0 768 0 769 0 770 0 651 0 771 0 651 0 653 0 651 0 3 0 355 0 772 0 651 0 771 0 651 0 773 0 3 0 774 0 651 0 772 0 651 0 775 0 773 0 776 0 651 0 774 0 651 0 777 0 775 0 778 0 651 0 776 0 651 0 779 0 777 0 780 0 651 0 778 0 651 0 781 0 779 0 782 0 651 0 780 0 651 0 783 0 781 0 784 0 651 0 782 0 651 0 785 0 783 0 786 0 651 0 784 0 651 0 787 0 785 0 788 0 651 0 786 0 651 0 789 0 787 0 790 0 651 0 788 0 651 0 791 0 789 0 792 0 651 0 790 0 651 0 793 0 791 0 794 0 651 0 792 0 651 0 795 0 793 0 796 0 651 0 794 0 651 0 797 0 795 0 798 0 651 0 796 0 651 0 799 0 797 0 800 0 651 0 798 0 651 0 801 0 799 0 802 0 651 0 800 0 651 0 803 0 801 0 804 0 651 0 802 0 651 0 805 0 803 0 806 0 651 0 804 0 651 0 807 0 805 0 808 0 651 0 806 0 651 0 809 0 807 0 810 0 651 0 808 0 651 0 811 0 809 0 812 0 651 0 810 0 651 0 813 0 811 0 814 0 651 0 812 0 651 0 815 0 813 0 816 0 651 0 814 0 651 0 817 0 815 0 818 0 651 0 816 0 651 0 819 0 817 0 820 0 651 0 818 0 651 0 821 0 819 0 822 0 651 0 820 0 651 0 823 0 821 0 824 0 651 0 822 0 651 0 825 0 823 0 826 0 651 0 824 0 651 0 827 0 825 0 828 0 651 0 826 0 651 0 829 0 827 0 830 0 651 0 828 0 651 0 831 0 829 0 832 0 651 0 830 0 651 0 833 0 831 0 834 0 651 0 832 0 651 0 835 0 833 0 836 0 651 0 834 0 651 0 837 0 835 0 838 0 651 0 836 0 651 0 839 0 837 0 840 0 651 0 838 0 651 0 841 0 839 0 842 0 651 0 840 0 651 0 843 0 841 0 844 0 651 0 842 0 651 0 845 0 843 0 846 0 651 0 844 0 651 0 847 0 845 0 848 0 651 0 846 0 651 0 849 0 847 0 850 0 651 0 848 0 651 0 851 0 849 0 852 0 651 0 850 0 651 0 853 0 851 0 854 0 651 0 852 0 651 0 855 0 853 0 856 0 651 0 854 0 651 0 857 0 855 0 858 0 651 0 856 0 651 0 859 0 857 0 860 0 651 0 858 0 651 0 861 0 859 0 862 0 651 0 860 0 651 0 863 0 861 0 864 0 651 0 862 0 651 0 865 0 863 0 866 0 651 0 864 0 651 0 867 0 865 0 868 0 651 0 866 0 651 0 869 0 867 0 870 0 651 0 868 0 651 0 871 0 869 0 872 0 651 0 870 0 651 0 873 0 871 0 874 0 651 0 872 0 651 0 875 0 873 0 876 0 651 0 874 0 651 0 877 0 875 0 878 0 651 0 876 0 651 0 879 0 877 0 880 0 651 0 878 0 651 0 881 0 879 0 882 0 651 0 880 0 651 0 883 0 881 0 884 0 651 0 882 0 651 0 885 0 883 0 886 0 651 0 884 0 651 0 887 0 885 0 654 0 651 0 886 0 651 0 770 0 887 0 888 0 889 0 890 0 891 0 892 0 888 0 888 0 893 0 889 0 892 0 894 0 888 0 888 0 895 0 893 0 894 0 896 0 888 0 888 0 897 0 895 0 896 0 898 0 888 0 888 0 899 0 897 0 898 0 900 0 888 0 888 0 901 0 899 0 900 0 902 0 888 0 888 0 903 0 901 0 902 0 904 0 888 0 888 0 905 0 903 0 904 0 906 0 888 0 888 0 907 0 905 0 906 0 908 0 888 0 888 0 909 0 907 0 908 0 910 0 888 0 888 0 911 0 909 0 910 0 912 0 888 0 888 0 913 0 911 0 912 0 914 0 888 0 888 0 915 0 913 0 914 0 916 0 888 0 888 0 917 0 915 0 916 0 918 0 888 0 888 0 919 0 917 0 918 0 920 0 888 0 888 0 921 0 919 0 920 0 922 0 888 0 888 0 923 0 921 0 922 0 924 0 888 0 888 0 925 0 923 0 924 0 926 0 888 0 888 0 927 0 925 0 926 0 928 0 888 0 888 0 929 0 927 0 928 0 930 0 888 0 888 0 931 0 929 0 930 0 932 0 888 0 888 0 933 0 931 0 932 0 934 0 888 0 888 0 935 0 933 0 934 0 936 0 888 0 888 0 937 0 935 0 936 0 938 0 888 0 888 0 939 0 937 0 938 0 940 0 888 0 888 0 941 0 939 0 940 0 942 0 888 0 888 0 943 0 941 0 942 0 944 0 888 0 888 0 945 0 943 0 944 0 946 0 888 0 888 0 947 0 945 0 946 0 948 0 888 0 888 0 949 0 947 0 948 0 950 0 888 0 888 0 951 0 949 0 950 0 952 0 888 0 888 0 953 0 951 0 952 0 954 0 888 0 888 0 955 0 953 0 954 0 956 0 888 0 888 0 957 0 955 0 956 0 958 0 888 0 888 0 959 0 957 0 958 0 960 0 888 0 888 0 961 0 959 0 960 0 962 0 888 0 888 0 963 0 961 0 962 0 964 0 888 0 888 0 965 0 963 0 964 0 966 0 888 0 888 0 967 0 965 0 966 0 968 0 888 0 888 0 969 0 967 0 968 0 970 0 888 0 888 0 971 0 969 0 970 0 972 0 888 0 888 0 973 0 971 0 972 0 974 0 888 0 888 0 975 0 973 0 974 0 976 0 888 0 888 0 977 0 975 0 976 0 978 0 888 0 888 0 979 0 977 0 978 0 980 0 888 0 888 0 981 0 979 0 980 0 982 0 888 0 888 0 983 0 981 0 982 0 984 0 888 0 888 0 985 0 983 0 984 0 986 0 888 0 888 0 987 0 985 0 986 0 988 0 888 0 888 0 989 0 987 0 988 0 990 0 888 0 888 0 991 0 989 0 990 0 992 0 888 0 888 0 993 0 991 0 992 0 994 0 888 0 888 0 995 0 993 0 994 0 996 0 888 0 888 0 997 0 995 0 996 0 998 0 888 0 888 0 999 0 997 0 998 0 1000 0 888 0 888 0 1001 0 999 0 1000 0 1002 0 888 0 888 0 1003 0 1001 0 1002 0 1004 0 888 0 888 0 1005 0 1003 0 1004 0 1006 0 888 0 888 0 886 0 1005 0 1006 0 1007 0 888 0 1008 0 888 0 890 0 888 0 654 0 886 0 1009 0 888 0 1008 0 888 0 1010 0 654 0 1011 0 888 0 1009 0 888 0 1012 0 1010 0 1013 0 888 0 1011 0 888 0 1014 0 1012 0 1015 0 888 0 1013 0 888 0 1016 0 1014 0 1017 0 888 0 1015 0 888 0 1018 0 1016 0 1019 0 888 0 1017 0 888 0 1020 0 1018 0 1021 0 888 0 1019 0 888 0 1022 0 1020 0 1023 0 888 0 1021 0 888 0 1024 0 1022 0 1025 0 888 0 1023 0 888 0 1026 0 1024 0 1027 0 888 0 1025 0 888 0 1028 0 1026 0 1029 0 888 0 1027 0 888 0 1030 0 1028 0 1031 0 888 0 1029 0 888 0 1032 0 1030 0 1033 0 888 0 1031 0 888 0 1034 0 1032 0 1035 0 888 0 1033 0 888 0 1036 0 1034 0 1037 0 888 0 1035 0 888 0 1038 0 1036 0 1039 0 888 0 1037 0 888 0 1040 0 1038 0 1041 0 888 0 1039 0 888 0 1042 0 1040 0 1043 0 888 0 1041 0 888 0 1044 0 1042 0 1045 0 888 0 1043 0 888 0 1046 0 1044 0 1047 0 888 0 1045 0 888 0 1048 0 1046 0 1049 0 888 0 1047 0 888 0 1050 0 1048 0 1051 0 888 0 1049 0 888 0 1052 0 1050 0 1053 0 888 0 1051 0 888 0 1054 0 1052 0 1055 0 888 0 1053 0 888 0 1056 0 1054 0 1057 0 888 0 1055 0 888 0 1058 0 1056 0 1059 0 888 0 1057 0 888 0 1060 0 1058 0 1061 0 888 0 1059 0 888 0 1062 0 1060 0 1063 0 888 0 1061 0 888 0 1064 0 1062 0 1065 0 888 0 1063 0 888 0 1066 0 1064 0 1067 0 888 0 1065 0 888 0 1068 0 1066 0 1069 0 888 0 1067 0 888 0 1070 0 1068 0 1071 0 888 0 1069 0 888 0 1072 0 1070 0 1073 0 888 0 1071 0 888 0 1074 0 1072 0 1075 0 888 0 1073 0 888 0 1076 0 1074 0 1077 0 888 0 1075 0 888 0 1078 0 1076 0 1079 0 888 0 1077 0 888 0 1080 0 1078 0 1081 0 888 0 1079 0 888 0 1082 0 1080 0 1083 0 888 0 1081 0 888 0 1084 0 1082 0 1085 0 888 0 1083 0 888 0 1086 0 1084 0 1087 0 888 0 1085 0 888 0 1088 0 1086 0 1089 0 888 0 1087 0 888 0 1090 0 1088 0 1091 0 888 0 1089 0 888 0 1092 0 1090 0 1093 0 888 0 1091 0 888 0 1094 0 1092 0 1095 0 888 0 1093 0 888 0 1096 0 1094 0 1097 0 888 0 1095 0 888 0 1098 0 1096 0 1099 0 888 0 1097 0 888 0 1100 0 1098 0 1101 0 888 0 1099 0 888 0 1102 0 1100 0 1103 0 888 0 1101 0 888 0 1104 0 1102 0 1105 0 888 0 1103 0 888 0 1106 0 1104 0 1107 0 888 0 1105 0 888 0 1108 0 1106 0 1109 0 888 0 1107 0 888 0 1110 0 1108 0 1111 0 888 0 1109 0 888 0 1112 0 1110 0 1113 0 888 0 1111 0 888 0 1114 0 1112 0 1115 0 888 0 1113 0 888 0 1116 0 1114 0 1117 0 888 0 1115 0 888 0 1118 0 1116 0 1119 0 888 0 1117 0 888 0 1120 0 1118 0 1121 0 888 0 1119 0 888 0 1122 0 1120 0 891 0 888 0 1121 0 888 0 1007 0 1122 0 1123 0 1124 0 887 0 1125 0 1126 0 1123 0 1123 0 1127 0 1124 0 1126 0 1128 0 1123 0 1123 0 1129 0 1127 0 1128 0 1130 0 1123 0 1123 0 1131 0 1129 0 1130 0 1132 0 1123 0 1123 0 1133 0 1131 0 1132 0 1134 0 1123 0 1123 0 1135 0 1133 0 1134 0 1136 0 1123 0 1123 0 1137 0 1135 0 1136 0 1138 0 1123 0 1123 0 1139 0 1137 0 1138 0 1140 0 1123 0 1123 0 1141 0 1139 0 1140 0 1142 0 1123 0 1123 0 1143 0 1141 0 1142 0 1144 0 1123 0 1123 0 1145 0 1143 0 1144 0 1146 0 1123 0 1123 0 1147 0 1145 0 1146 0 1148 0 1123 0 1123 0 1149 0 1147 0 1148 0 1150 0 1123 0 1123 0 1151 0 1149 0 1150 0 1152 0 1123 0 1123 0 1153 0 1151 0 1152 0 1154 0 1123 0 1123 0 1155 0 1153 0 1154 0 1156 0 1123 0 1123 0 1157 0 1155 0 1156 0 1158 0 1123 0 1123 0 1159 0 1157 0 1158 0 1160 0 1123 0 1123 0 1161 0 1159 0 1160 0 1162 0 1123 0 1123 0 1163 0 1161 0 1162 0 1164 0 1123 0 1123 0 1165 0 1163 0 1164 0 1166 0 1123 0 1123 0 1167 0 1165 0 1166 0 1168 0 1123 0 1123 0 1169 0 1167 0 1168 0 1170 0 1123 0 1123 0 1171 0 1169 0 1170 0 1172 0 1123 0 1123 0 1173 0 1171 0 1172 0 1174 0 1123 0 1123 0 1175 0 1173 0 1174 0 1176 0 1123 0 1123 0 1177 0 1175 0 1176 0 1178 0 1123 0 1123 0 1179 0 1177 0 1178 0 1180 0 1123 0 1123 0 1181 0 1179 0 1180 0 1182 0 1123 0 1123 0 1183 0 1181 0 1182 0 1184 0 1123 0 1123 0 1185 0 1183 0 1184 0 1186 0 1123 0 1123 0 1187 0 1185 0 1186 0 1188 0 1123 0 1123 0 1189 0 1187 0 1188 0 1190 0 1123 0 1123 0 1191 0 1189 0 1190 0 1192 0 1123 0 1123 0 1193 0 1191 0 1192 0 1194 0 1123 0 1123 0 1195 0 1193 0 1194 0 1196 0 1123 0 1123 0 1197 0 1195 0 1196 0 1198 0 1123 0 1123 0 1199 0 1197 0 1198 0 1200 0 1123 0 1123 0 1201 0 1199 0 1200 0 1202 0 1123 0 1123 0 1203 0 1201 0 1202 0 1204 0 1123 0 1123 0 1205 0 1203 0 1204 0 1206 0 1123 0 1123 0 1207 0 1205 0 1206 0 1208 0 1123 0 1123 0 1209 0 1207 0 1208 0 1210 0 1123 0 1123 0 1211 0 1209 0 1210 0 1212 0 1123 0 1123 0 1213 0 1211 0 1212 0 1214 0 1123 0 1123 0 1215 0 1213 0 1214 0 1216 0 1123 0 1123 0 1217 0 1215 0 1216 0 1218 0 1123 0 1123 0 1219 0 1217 0 1218 0 1220 0 1123 0 1123 0 1221 0 1219 0 1220 0 1222 0 1123 0 1123 0 1223 0 1221 0 1222 0 1224 0 1123 0 1123 0 1225 0 1223 0 1224 0 1226 0 1123 0 1123 0 1227 0 1225 0 1226 0 1228 0 1123 0 1123 0 1229 0 1227 0 1228 0 1230 0 1123 0 1123 0 1231 0 1229 0 1230 0 1232 0 1123 0 1123 0 1233 0 1231 0 1232 0 1234 0 1123 0 1123 0 1235 0 1233 0 1234 0 1236 0 1123 0 1123 0 1237 0 1235 0 1236 0 1238 0 1123 0 1123 0 1239 0 1237 0 1238 0 1240 0 1123 0 1123 0 359 0 1239 0 1240 0 1241 0 1123 0 1123 0 360 0 359 0 1241 0 1242 0 1123 0 1123 0 362 0 360 0 1242 0 1243 0 1123 0 1123 0 364 0 362 0 1243 0 1244 0 1123 0 1123 0 366 0 364 0 1244 0 1245 0 1123 0 1123 0 368 0 366 0 1245 0 1246 0 1123 0 1123 0 370 0 368 0 1246 0 1247 0 1123 0 1123 0 372 0 370 0 1247 0 1248 0 1123 0 1123 0 374 0 372 0 1248 0 1249 0 1123 0 1123 0 376 0 374 0 1249 0 1250 0 1123 0 1123 0 378 0 376 0 1250 0 1251 0 1123 0 1123 0 380 0 378 0 1251 0 1252 0 1123 0 1123 0 382 0 380 0 1252 0 1253 0 1123 0 1123 0 384 0 382 0 1253 0 1254 0 1123 0 1123 0 386 0 384 0 1254 0 1255 0 1123 0 1123 0 388 0 386 0 1255 0 1256 0 1123 0 1123 0 390 0 388 0 1256 0 1257 0 1123 0 1123 0 392 0 390 0 1257 0 1258 0 1123 0 1123 0 394 0 392 0 1258 0 1259 0 1123 0 1123 0 396 0 394 0 1259 0 1260 0 1123 0 1123 0 398 0 396 0 1260 0 1261 0 1123 0 1123 0 400 0 398 0 1261 0 1262 0 1123 0 1123 0 402 0 400 0 1262 0 1263 0 1123 0 1123 0 404 0 402 0 1263 0 1264 0 1123 0 1123 0 406 0 404 0 1264 0 1265 0 1123 0 1123 0 408 0 406 0 1265 0 1266 0 1123 0 1123 0 410 0 408 0 1266 0 1267 0 1123 0 1123 0 412 0 410 0 1267 0 1268 0 1123 0 1123 0 414 0 412 0 1268 0 1269 0 1123 0 1123 0 416 0 414 0 1269 0 1270 0 1123 0 1123 0 418 0 416 0 1270 0 1271 0 1123 0 1123 0 420 0 418 0 1271 0 1272 0 1123 0 1123 0 422 0 420 0 1272 0 1273 0 1123 0 1123 0 424 0 422 0 1273 0 1274 0 1123 0 1123 0 426 0 424 0 1274 0 1275 0 1123 0 1123 0 428 0 426 0 1275 0 1276 0 1123 0 1123 0 430 0 428 0 1276 0 1277 0 1123 0 1123 0 432 0 430 0 1277 0 1278 0 1123 0 1123 0 434 0 432 0 1278 0 1279 0 1123 0 1123 0 436 0 434 0 1279 0 1280 0 1123 0 1123 0 438 0 436 0 1280 0 1281 0 1123 0 1123 0 440 0 438 0 1281 0 1282 0 1123 0 1123 0 442 0 440 0 1282 0 1283 0 1123 0 1123 0 444 0 442 0 1283 0 1284 0 1123 0 1123 0 446 0 444 0 1284 0 1285 0 1123 0 1123 0 448 0 446 0 1285 0 1286 0 1123 0 1123 0 450 0 448 0 1286 0 1287 0 1123 0 1123 0 452 0 450 0 1287 0 1288 0 1123 0 1123 0 454 0 452 0 1288 0 1289 0 1123 0 1123 0 456 0 454 0 1289 0 1290 0 1123 0 1123 0 458 0 456 0 1290 0 1291 0 1123 0 1123 0 460 0 458 0 1291 0 1292 0 1123 0 1123 0 462 0 460 0 1292 0 1293 0 1123 0 1123 0 464 0 462 0 1293 0 1294 0 1123 0 1123 0 466 0 464 0 1294 0 1295 0 1123 0 1123 0 468 0 466 0 1295 0 1296 0 1123 0 1123 0 470 0 468 0 1296 0 1297 0 1123 0 1123 0 472 0 470 0 1297 0 1298 0 1123 0 1123 0 474 0 472 0 1298 0 1299 0 1123 0 1123 0 476 0 474 0 1299 0 1300 0 1123 0 1123 0 1301 0 476 0 1300 0 1302 0 1123 0 770 0 1123 0 887 0 1123 0 1303 0 1301 0 1304 0 1123 0 770 0 1123 0 1305 0 1303 0 1306 0 1123 0 1304 0 1123 0 1307 0 1305 0 1308 0 1123 0 1306 0 1123 0 1309 0 1307 0 1310 0 1123 0 1308 0 1123 0 1311 0 1309 0 1312 0 1123 0 1310 0 1123 0 1313 0 1311 0 1314 0 1123 0 1312 0 1123 0 1315 0 1313 0 1316 0 1123 0 1314 0 1123 0 1317 0 1315 0 1318 0 1123 0 1316 0 1123 0 1319 0 1317 0 1320 0 1123 0 1318 0 1123 0 1321 0 1319 0 1322 0 1123 0 1320 0 1123 0 1323 0 1321 0 1324 0 1123 0 1322 0 1123 0 1325 0 1323 0 1326 0 1123 0 1324 0 1123 0 1327 0 1325 0 1328 0 1123 0 1326 0 1123 0 1329 0 1327 0 1330 0 1123 0 1328 0 1123 0 1331 0 1329 0 1332 0 1123 0 1330 0 1123 0 1333 0 1331 0 1334 0 1123 0 1332 0 1123 0 1335 0 1333 0 1336 0 1123 0 1334 0 1123 0 1337 0 1335 0 1338 0 1123 0 1336 0 1123 0 1339 0 1337 0 1340 0 1123 0 1338 0 1123 0 1341 0 1339 0 1342 0 1123 0 1340 0 1123 0 1343 0 1341 0 1344 0 1123 0 1342 0 1123 0 1345 0 1343 0 1346 0 1123 0 1344 0 1123 0 1347 0 1345 0 1348 0 1123 0 1346 0 1123 0 1349 0 1347 0 1350 0 1123 0 1348 0 1123 0 1351 0 1349 0 1352 0 1123 0 1350 0 1123 0 1353 0 1351 0 1354 0 1123 0 1352 0 1123 0 1355 0 1353 0 1356 0 1123 0 1354 0 1123 0 1357 0 1355 0 1358 0 1123 0 1356 0 1123 0 1359 0 1357 0 1360 0 1123 0 1358 0 1123 0 1361 0 1359 0 1362 0 1123 0 1360 0 1123 0 1363 0 1361 0 1364 0 1123 0 1362 0 1123 0 1365 0 1363 0 1366 0 1123 0 1364 0 1123 0 1367 0 1365 0 1368 0 1123 0 1366 0 1123 0 1369 0 1367 0 1370 0 1123 0 1368 0 1123 0 1371 0 1369 0 1372 0 1123 0 1370 0 1123 0 1373 0 1371 0 1374 0 1123 0 1372 0 1123 0 1375 0 1373 0 1376 0 1123 0 1374 0 1123 0 1377 0 1375 0 1378 0 1123 0 1376 0 1123 0 1379 0 1377 0 1380 0 1123 0 1378 0 1123 0 1381 0 1379 0 1382 0 1123 0 1380 0 1123 0 1383 0 1381 0 1384 0 1123 0 1382 0 1123 0 1385 0 1383 0 1386 0 1123 0 1384 0 1123 0 1387 0 1385 0 1388 0 1123 0 1386 0 1123 0 1389 0 1387 0 1390 0 1123 0 1388 0 1123 0 1391 0 1389 0 1392 0 1123 0 1390 0 1123 0 1393 0 1391 0 1394 0 1123 0 1392 0 1123 0 1395 0 1393 0 1396 0 1123 0 1394 0 1123 0 1397 0 1395 0 1398 0 1123 0 1396 0 1123 0 1399 0 1397 0 1400 0 1123 0 1398 0 1123 0 1401 0 1399 0 1402 0 1123 0 1400 0 1123 0 1403 0 1401 0 1404 0 1123 0 1402 0 1123 0 1405 0 1403 0 1406 0 1123 0 1404 0 1123 0 1407 0 1405 0 1408 0 1123 0 1406 0 1123 0 1409 0 1407 0 1410 0 1123 0 1408 0 1123 0 1411 0 1409 0 1412 0 1123 0 1410 0 1123 0 1413 0 1411 0 1414 0 1123 0 1412 0 1123 0 1415 0 1413 0 1416 0 1123 0 1414 0 1123 0 1417 0 1415 0 1125 0 1123 0 1416 0 1123 0 1302 0 1417 0 122 0 1418 0 119 0 124 0 1419 0 122 0 1419 0 1418 0 122 0 126 0 1420 0 124 0 1420 0 1419 0 124 0 128 0 1421 0 126 0 1421 0 1420 0 126 0 130 0 1422 0 128 0 1422 0 1421 0 128 0 132 0 1423 0 130 0 1423 0 1422 0 130 0 134 0 1424 0 132 0 1424 0 1423 0 132 0 136 0 1425 0 134 0 1425 0 1424 0 134 0 138 0 1426 0 136 0 1426 0 1425 0 136 0 140 0 1427 0 138 0 1427 0 1426 0 138 0 142 0 1428 0 140 0 1428 0 1427 0 140 0 144 0 1429 0 142 0 1429 0 1428 0 142 0 146 0 1430 0 144 0 1430 0 1429 0 144 0 148 0 1431 0 146 0 1431 0 1430 0 146 0 150 0 1432 0 148 0 1432 0 1431 0 148 0 152 0 1433 0 150 0 1433 0 1432 0 150 0 154 0 1434 0 152 0 1434 0 1433 0 152 0 156 0 1435 0 154 0 1435 0 1434 0 154 0 158 0 1436 0 156 0 1436 0 1435 0 156 0 160 0 1437 0 158 0 1437 0 1436 0 158 0 162 0 1438 0 160 0 1438 0 1437 0 160 0 164 0 1439 0 162 0 1439 0 1438 0 162 0 166 0 1440 0 164 0 1440 0 1439 0 164 0 168 0 1441 0 166 0 1441 0 1440 0 166 0 170 0 1442 0 168 0 1442 0 1441 0 168 0 172 0 1443 0 170 0 1443 0 1442 0 170 0 174 0 1444 0 172 0 1444 0 1443 0 172 0 176 0 1445 0 174 0 1445 0 1444 0 174 0 178 0 1446 0 176 0 1446 0 1445 0 176 0 180 0 1447 0 178 0 1447 0 1446 0 178 0 182 0 1448 0 180 0 1448 0 1447 0 180 0 184 0 1449 0 182 0 1449 0 1448 0 182 0 186 0 1450 0 184 0 1450 0 1449 0 184 0 188 0 1451 0 186 0 1451 0 1450 0 186 0 190 0 1452 0 188 0 1452 0 1451 0 188 0 192 0 1453 0 190 0 1453 0 1452 0 190 0 194 0 1454 0 192 0 1454 0 1453 0 192 0 196 0 1455 0 194 0 1455 0 1454 0 194 0 198 0 1456 0 196 0 1456 0 1455 0 196 0 200 0 1457 0 198 0 1457 0 1456 0 198 0 202 0 1458 0 200 0 1458 0 1457 0 200 0 204 0 1459 0 202 0 1459 0 1458 0 202 0 206 0 1460 0 204 0 1460 0 1459 0 204 0 208 0 1461 0 206 0 1461 0 1460 0 206 0 210 0 1462 0 208 0 1462 0 1461 0 208 0 212 0 1463 0 210 0 1463 0 1462 0 210 0 214 0 1464 0 212 0 1464 0 1463 0 212 0 216 0 1465 0 214 0 1465 0 1464 0 214 0 218 0 1466 0 216 0 1466 0 1465 0 216 0 220 0 1467 0 218 0 1467 0 1466 0 218 0 222 0 1468 0 220 0 1468 0 1467 0 220 0 224 0 1469 0 222 0 1469 0 1468 0 222 0 226 0 1470 0 224 0 1470 0 1469 0 224 0 228 0 1471 0 226 0 1471 0 1470 0 226 0 230 0 1472 0 228 0 1472 0 1471 0 228 0 232 0 1473 0 230 0 1473 0 1472 0 230 0 234 0 1474 0 232 0 1474 0 1473 0 232 0 236 0 1475 0 234 0 1475 0 1474 0 234 0 238 0 358 0 236 0 358 0 1475 0 236 0 477 0 1476 0 475 0 478 0 1477 0 477 0 1477 0 1476 0 477 0 479 0 1478 0 478 0 1478 0 1477 0 478 0 480 0 1479 0 479 0 1479 0 1478 0 479 0 481 0 1480 0 480 0 1480 0 1479 0 480 0 482 0 1481 0 481 0 1481 0 1480 0 481 0 483 0 1482 0 482 0 1482 0 1481 0 482 0 484 0 1483 0 483 0 1483 0 1482 0 483 0 485 0 1484 0 484 0 1484 0 1483 0 484 0 486 0 1485 0 485 0 1485 0 1484 0 485 0 487 0 1486 0 486 0 1486 0 1485 0 486 0 488 0 1487 0 487 0 1487 0 1486 0 487 0 489 0 1488 0 488 0 1488 0 1487 0 488 0 490 0 1489 0 489 0 1489 0 1488 0 489 0 491 0 1490 0 490 0 1490 0 1489 0 490 0 492 0 1491 0 491 0 1491 0 1490 0 491 0 493 0 1492 0 492 0 1492 0 1491 0 492 0 494 0 1493 0 493 0 1493 0 1492 0 493 0 495 0 1494 0 494 0 1494 0 1493 0 494 0 496 0 1495 0 495 0 1495 0 1494 0 495 0 497 0 1496 0 496 0 1496 0 1495 0 496 0 498 0 1497 0 497 0 1497 0 1496 0 497 0 499 0 1498 0 498 0 1498 0 1497 0 498 0 500 0 1499 0 499 0 1499 0 1498 0 499 0 501 0 1500 0 500 0 1500 0 1499 0 500 0 502 0 1501 0 501 0 1501 0 1500 0 501 0 503 0 1502 0 502 0 1502 0 1501 0 502 0 504 0 1503 0 503 0 1503 0 1502 0 503 0 505 0 1504 0 504 0 1504 0 1503 0 504 0 506 0 1505 0 505 0 1505 0 1504 0 505 0 507 0 1506 0 506 0 1506 0 1505 0 506 0 508 0 1507 0 507 0 1507 0 1506 0 507 0 509 0 1508 0 508 0 1508 0 1507 0 508 0 510 0 1509 0 509 0 1509 0 1508 0 509 0 511 0 1510 0 510 0 1510 0 1509 0 510 0 512 0 1511 0 511 0 1511 0 1510 0 511 0 513 0 1512 0 512 0 1512 0 1511 0 512 0 514 0 1513 0 513 0 1513 0 1512 0 513 0 515 0 1514 0 514 0 1514 0 1513 0 514 0 516 0 1515 0 515 0 1515 0 1514 0 515 0 517 0 1516 0 516 0 1516 0 1515 0 516 0 518 0 1517 0 517 0 1517 0 1516 0 517 0 519 0 1518 0 518 0 1518 0 1517 0 518 0 520 0 1519 0 519 0 1519 0 1518 0 519 0 521 0 1520 0 520 0 1520 0 1519 0 520 0 522 0 1521 0 521 0 1521 0 1520 0 521 0 523 0 1522 0 522 0 1522 0 1521 0 522 0 524 0 1523 0 523 0 1523 0 1522 0 523 0 525 0 1524 0 524 0 1524 0 1523 0 524 0 526 0 1525 0 525 0 1525 0 1524 0 525 0 527 0 1526 0 526 0 1526 0 1525 0 526 0 528 0 1527 0 527 0 1527 0 1526 0 527 0 529 0 1528 0 528 0 1528 0 1527 0 528 0 530 0 1529 0 529 0 1529 0 1528 0 529 0 531 0 1530 0 530 0 1530 0 1529 0 530 0 532 0 1531 0 531 0 1531 0 1530 0 531 0 533 0 1532 0 532 0 1532 0 1531 0 532 0 534 0 1533 0 533 0 1533 0 1532 0 533 0 535 0 1534 0 534 0 1534 0 1533 0 534 0 536 0 1535 0 535 0 1535 0 1534 0 535 0 773 0 1536 0 3 0 1536 0 4 0 3 0 538 0 1537 0 536 0 1537 0 1535 0 536 0 775 0 1538 0 773 0 1538 0 1536 0 773 0 540 0 1539 0 538 0 1539 0 1537 0 538 0 777 0 1540 0 775 0 1540 0 1538 0 775 0 542 0 1541 0 540 0 1541 0 1539 0 540 0 779 0 1542 0 777 0 1542 0 1540 0 777 0 544 0 1543 0 542 0 1543 0 1541 0 542 0 781 0 1544 0 779 0 1544 0 1542 0 779 0 546 0 1545 0 544 0 1545 0 1543 0 544 0 783 0 1546 0 781 0 1546 0 1544 0 781 0 548 0 1547 0 546 0 1547 0 1545 0 546 0 785 0 1548 0 783 0 1548 0 1546 0 783 0 550 0 1549 0 548 0 1549 0 1547 0 548 0 787 0 1550 0 785 0 1550 0 1548 0 785 0 552 0 1551 0 550 0 1551 0 1549 0 550 0 789 0 1552 0 787 0 1552 0 1550 0 787 0 554 0 1553 0 552 0 1553 0 1551 0 552 0 791 0 1554 0 789 0 1554 0 1552 0 789 0 556 0 1555 0 554 0 1555 0 1553 0 554 0 793 0 1556 0 791 0 1556 0 1554 0 791 0 558 0 1557 0 556 0 1557 0 1555 0 556 0 795 0 1558 0 793 0 1558 0 1556 0 793 0 560 0 1559 0 558 0 1559 0 1557 0 558 0 797 0 1560 0 795 0 1560 0 1558 0 795 0 562 0 1561 0 560 0 1561 0 1559 0 560 0 799 0 1562 0 797 0 1562 0 1560 0 797 0 564 0 1563 0 562 0 1563 0 1561 0 562 0 801 0 1564 0 799 0 1564 0 1562 0 799 0 566 0 1565 0 564 0 1565 0 1563 0 564 0 803 0 1566 0 801 0 1566 0 1564 0 801 0 568 0 1567 0 566 0 1567 0 1565 0 566 0 805 0 1568 0 803 0 1568 0 1566 0 803 0 570 0 1569 0 568 0 1569 0 1567 0 568 0 807 0 1570 0 805 0 1570 0 1568 0 805 0 572 0 1571 0 570 0 1571 0 1569 0 570 0 809 0 1572 0 807 0 1572 0 1570 0 807 0 574 0 1573 0 572 0 1573 0 1571 0 572 0 811 0 1574 0 809 0 1574 0 1572 0 809 0 576 0 1575 0 574 0 1575 0 1573 0 574 0 813 0 1576 0 811 0 1576 0 1574 0 811 0 578 0 1577 0 576 0 1577 0 1575 0 576 0 815 0 1578 0 813 0 1578 0 1576 0 813 0 580 0 1579 0 578 0 1579 0 1577 0 578 0 817 0 1580 0 815 0 1580 0 1578 0 815 0 582 0 1581 0 580 0 1581 0 1579 0 580 0 819 0 1582 0 817 0 1582 0 1580 0 817 0 584 0 1583 0 582 0 1583 0 1581 0 582 0 821 0 1584 0 819 0 1584 0 1582 0 819 0 586 0 1585 0 584 0 1585 0 1583 0 584 0 823 0 1586 0 821 0 1586 0 1584 0 821 0 588 0 1587 0 586 0 1587 0 1585 0 586 0 825 0 1588 0 823 0 1588 0 1586 0 823 0 590 0 1589 0 588 0 1589 0 1587 0 588 0 827 0 1590 0 825 0 1590 0 1588 0 825 0 592 0 1591 0 590 0 1591 0 1589 0 590 0 829 0 1592 0 827 0 1592 0 1590 0 827 0 594 0 1593 0 592 0 1593 0 1591 0 592 0 831 0 1594 0 829 0 1594 0 1592 0 829 0 596 0 1595 0 594 0 1595 0 1593 0 594 0 833 0 1596 0 831 0 1596 0 1594 0 831 0 598 0 1597 0 596 0 1597 0 1595 0 596 0 835 0 1598 0 833 0 1598 0 1596 0 833 0 600 0 1599 0 598 0 1599 0 1597 0 598 0 837 0 1600 0 835 0 1600 0 1598 0 835 0 602 0 1601 0 600 0 1601 0 1599 0 600 0 839 0 1602 0 837 0 1602 0 1600 0 837 0 604 0 1603 0 602 0 1603 0 1601 0 602 0 841 0 1604 0 839 0 1604 0 1602 0 839 0 606 0 1605 0 604 0 1605 0 1603 0 604 0 843 0 1606 0 841 0 1606 0 1604 0 841 0 608 0 1607 0 606 0 1607 0 1605 0 606 0 845 0 1608 0 843 0 1608 0 1606 0 843 0 610 0 1609 0 608 0 1609 0 1607 0 608 0 847 0 1610 0 845 0 1610 0 1608 0 845 0 612 0 1611 0 610 0 1611 0 1609 0 610 0 849 0 1612 0 847 0 1612 0 1610 0 847 0 614 0 1613 0 612 0 1613 0 1611 0 612 0 851 0 1614 0 849 0 1614 0 1612 0 849 0 616 0 1615 0 614 0 1615 0 1613 0 614 0 853 0 1616 0 851 0 1616 0 1614 0 851 0 618 0 1617 0 616 0 1617 0 1615 0 616 0 855 0 1618 0 853 0 1618 0 1616 0 853 0 620 0 1619 0 618 0 1619 0 1617 0 618 0 857 0 1620 0 855 0 1620 0 1618 0 855 0 622 0 1621 0 620 0 1621 0 1619 0 620 0 859 0 1622 0 857 0 1622 0 1620 0 857 0 624 0 1623 0 622 0 1623 0 1621 0 622 0 861 0 1624 0 859 0 1624 0 1622 0 859 0 626 0 1625 0 624 0 1625 0 1623 0 624 0 863 0 1626 0 861 0 1626 0 1624 0 861 0 628 0 1627 0 626 0 1627 0 1625 0 626 0 865 0 1628 0 863 0 1628 0 1626 0 863 0 630 0 1629 0 628 0 1629 0 1627 0 628 0 867 0 1630 0 865 0 1630 0 1628 0 865 0 632 0 1631 0 630 0 1631 0 1629 0 630 0 869 0 1632 0 867 0 1632 0 1630 0 867 0 634 0 1633 0 632 0 1633 0 1631 0 632 0 871 0 1634 0 869 0 1634 0 1632 0 869 0 636 0 1635 0 634 0 1635 0 1633 0 634 0 873 0 1636 0 871 0 1636 0 1634 0 871 0 638 0 1637 0 636 0 1637 0 1635 0 636 0 875 0 1638 0 873 0 1638 0 1636 0 873 0 640 0 1639 0 638 0 1639 0 1637 0 638 0 877 0 1640 0 875 0 1640 0 1638 0 875 0 642 0 1641 0 640 0 1641 0 1639 0 640 0 879 0 1642 0 877 0 1642 0 1640 0 877 0 644 0 1643 0 642 0 1643 0 1641 0 642 0 881 0 1644 0 879 0 1644 0 1642 0 879 0 646 0 1645 0 644 0 1645 0 1643 0 644 0 883 0 1646 0 881 0 1646 0 1644 0 881 0 648 0 1647 0 646 0 1647 0 1645 0 646 0 885 0 1648 0 883 0 1648 0 1646 0 883 0 650 0 1649 0 648 0 1649 0 1647 0 648 0 887 0 1124 0 885 0 1124 0 1648 0 885 0 476 0 1301 0 650 0 1301 0 1649 0 650 0 1010 0 1650 0 654 0 1650 0 655 0 654 0 1012 0 1651 0 1010 0 1651 0 1650 0 1010 0 1014 0 1652 0 1012 0 1652 0 1651 0 1012 0 1016 0 1653 0 1014 0 1653 0 1652 0 1014 0 1018 0 1654 0 1016 0 1654 0 1653 0 1016 0 1020 0 1655 0 1018 0 1655 0 1654 0 1018 0 1022 0 1656 0 1020 0 1656 0 1655 0 1020 0 1024 0 1657 0 1022 0 1657 0 1656 0 1022 0 1026 0 1658 0 1024 0 1658 0 1657 0 1024 0 1028 0 1659 0 1026 0 1659 0 1658 0 1026 0 1030 0 1660 0 1028 0 1660 0 1659 0 1028 0 1032 0 1661 0 1030 0 1661 0 1660 0 1030 0 1034 0 1662 0 1032 0 1662 0 1661 0 1032 0 1036 0 1663 0 1034 0 1663 0 1662 0 1034 0 1038 0 1664 0 1036 0 1664 0 1663 0 1036 0 1040 0 1665 0 1038 0 1665 0 1664 0 1038 0 1042 0 1666 0 1040 0 1666 0 1665 0 1040 0 1044 0 1667 0 1042 0 1667 0 1666 0 1042 0 1046 0 1668 0 1044 0 1668 0 1667 0 1044 0 1048 0 1669 0 1046 0 1669 0 1668 0 1046 0 1050 0 1670 0 1048 0 1670 0 1669 0 1048 0 1052 0 1671 0 1050 0 1671 0 1670 0 1050 0 1054 0 1672 0 1052 0 1672 0 1671 0 1052 0 1056 0 1673 0 1054 0 1673 0 1672 0 1054 0 1058 0 1674 0 1056 0 1674 0 1673 0 1056 0 1060 0 1675 0 1058 0 1675 0 1674 0 1058 0 1062 0 1676 0 1060 0 1676 0 1675 0 1060 0 1064 0 1677 0 1062 0 1677 0 1676 0 1062 0 1066 0 1678 0 1064 0 1678 0 1677 0 1064 0 1068 0 1679 0 1066 0 1679 0 1678 0 1066 0 1070 0 1680 0 1068 0 1680 0 1679 0 1068 0 1072 0 1681 0 1070 0 1681 0 1680 0 1070 0 1074 0 1682 0 1072 0 1682 0 1681 0 1072 0 1076 0 1683 0 1074 0 1683 0 1682 0 1074 0 1078 0 1684 0 1076 0 1684 0 1683 0 1076 0 1080 0 1685 0 1078 0 1685 0 1684 0 1078 0 1082 0 1686 0 1080 0 1686 0 1685 0 1080 0 1084 0 1687 0 1082 0 1687 0 1686 0 1082 0 1086 0 1688 0 1084 0 1688 0 1687 0 1084 0 1088 0 1689 0 1086 0 1689 0 1688 0 1086 0 1090 0 1690 0 1088 0 1690 0 1689 0 1088 0 1092 0 1691 0 1090 0 1691 0 1690 0 1090 0 1094 0 1692 0 1092 0 1692 0 1691 0 1092 0 1096 0 1693 0 1094 0 1693 0 1692 0 1094 0 1098 0 1694 0 1096 0 1694 0 1693 0 1096 0 1100 0 1695 0 1098 0 1695 0 1694 0 1098 0 1102 0 1696 0 1100 0 1696 0 1695 0 1100 0 1104 0 1697 0 1102 0 1697 0 1696 0 1102 0 1106 0 1698 0 1104 0 1698 0 1697 0 1104 0 1108 0 1699 0 1106 0 1699 0 1698 0 1106 0 1110 0 1700 0 1108 0 1700 0 1699 0 1108 0 1112 0 1701 0 1110 0 1701 0 1700 0 1110 0 1114 0 1702 0 1112 0 1702 0 1701 0 1112 0 1116 0 1703 0 1114 0 1703 0 1702 0 1114 0 1118 0 1704 0 1116 0 1704 0 1703 0 1116 0 1120 0 1705 0 1118 0 1705 0 1704 0 1118 0 1122 0 1706 0 1120 0 1706 0 1705 0 1120 0 1007 0 1707 0 1122 0 1707 0 1706 0 1122 0 1708 0 892 0 891 0 1708 0 1709 0 892 0 1709 0 894 0 892 0 1709 0 1710 0 894 0 1710 0 896 0 894 0 1710 0 1711 0 896 0 1711 0 898 0 896 0 1711 0 1712 0 898 0 1712 0 900 0 898 0 1712 0 1713 0 900 0 1713 0 902 0 900 0 1713 0 1714 0 902 0 1714 0 904 0 902 0 1714 0 1715 0 904 0 1715 0 906 0 904 0 1715 0 1716 0 906 0 1716 0 908 0 906 0 1716 0 1717 0 908 0 1717 0 910 0 908 0 1717 0 1718 0 910 0 1718 0 912 0 910 0 1718 0 1719 0 912 0 1719 0 914 0 912 0 1719 0 1720 0 914 0 1720 0 916 0 914 0 1720 0 1721 0 916 0 1721 0 918 0 916 0 1721 0 1722 0 918 0 1722 0 920 0 918 0 1722 0 1723 0 920 0 1723 0 922 0 920 0 1723 0 1724 0 922 0 1724 0 924 0 922 0 1724 0 1725 0 924 0 1725 0 926 0 924 0 1725 0 1726 0 926 0 1726 0 928 0 926 0 1726 0 1727 0 928 0 1727 0 930 0 928 0 1727 0 1728 0 930 0 1728 0 932 0 930 0 1728 0 1729 0 932 0 1729 0 934 0 932 0 1729 0 1730 0 934 0 1730 0 936 0 934 0 1730 0 1731 0 936 0 1731 0 938 0 936 0 1731 0 1732 0 938 0 1732 0 940 0 938 0 1732 0 1733 0 940 0 1733 0 942 0 940 0 1733 0 1734 0 942 0 1734 0 944 0 942 0 1734 0 1735 0 944 0 1735 0 946 0 944 0 1735 0 1736 0 946 0 1736 0 948 0 946 0 1736 0 1737 0 948 0 1737 0 950 0 948 0 1737 0 1738 0 950 0 1738 0 952 0 950 0 1738 0 1739 0 952 0 1739 0 954 0 952 0 1739 0 1740 0 954 0 1740 0 956 0 954 0 1740 0 1741 0 956 0 1741 0 958 0 956 0 1741 0 1742 0 958 0 1742 0 960 0 958 0 1742 0 1743 0 960 0 1743 0 962 0 960 0 1743 0 1744 0 962 0 1744 0 964 0 962 0 1744 0 1745 0 964 0 1745 0 966 0 964 0 1745 0 1746 0 966 0 1746 0 968 0 966 0 1746 0 1747 0 968 0 1747 0 970 0 968 0 1747 0 1748 0 970 0 1748 0 972 0 970 0 1748 0 1749 0 972 0 1749 0 974 0 972 0 1749 0 1750 0 974 0 1750 0 976 0 974 0 1750 0 1751 0 976 0 1751 0 978 0 976 0 1751 0 1752 0 978 0 1752 0 980 0 978 0 1752 0 1753 0 980 0 1753 0 982 0 980 0 1753 0 1754 0 982 0 1754 0 984 0 982 0 1754 0 1755 0 984 0 1755 0 986 0 984 0 1755 0 1756 0 986 0 1756 0 988 0 986 0 1756 0 1757 0 988 0 1757 0 990 0 988 0 1757 0 1758 0 990 0 1758 0 992 0 990 0 1758 0 1759 0 992 0 1759 0 994 0 992 0 1759 0 1760 0 994 0 1760 0 996 0 994 0 1760 0 1761 0 996 0 1761 0 998 0 996 0 1761 0 1762 0 998 0 1762 0 1000 0 998 0 1762 0 1763 0 1000 0 1763 0 1002 0 1000 0 1763 0 1764 0 1002 0 1764 0 1004 0 1002 0 1764 0 1765 0 1004 0 1765 0 1006 0 1004 0 1765 0 1766 0 1006 0 1766 0 1007 0 1006 0 1766 0 1767 0 1007 0 1767 0 1707 0 1007 0 1768 0 1126 0 1125 0 1768 0 1769 0 1126 0 1769 0 1128 0 1126 0 1769 0 1770 0 1128 0 1770 0 1130 0 1128 0 1770 0 1771 0 1130 0 1771 0 1132 0 1130 0 1771 0 1772 0 1132 0 1772 0 1134 0 1132 0 1772 0 1773 0 1134 0 1773 0 1136 0 1134 0 1773 0 1774 0 1136 0 1774 0 1138 0 1136 0 1774 0 1775 0 1138 0 1775 0 1140 0 1138 0 1775 0 1776 0 1140 0 1776 0 1142 0 1140 0 1776 0 1777 0 1142 0 1777 0 1144 0 1142 0 1777 0 1778 0 1144 0 1778 0 1146 0 1144 0 1778 0 1779 0 1146 0 1779 0 1148 0 1146 0 1779 0 1780 0 1148 0 1780 0 1150 0 1148 0 1780 0 1781 0 1150 0 1781 0 1152 0 1150 0 1781 0 1782 0 1152 0 1782 0 1154 0 1152 0 1782 0 1783 0 1154 0 1783 0 1156 0 1154 0 1783 0 1784 0 1156 0 1784 0 1158 0 1156 0 1784 0 1785 0 1158 0 1785 0 1160 0 1158 0 1785 0 1786 0 1160 0 1786 0 1162 0 1160 0 1786 0 1787 0 1162 0 1787 0 1164 0 1162 0 1787 0 1788 0 1164 0 1788 0 1166 0 1164 0 1788 0 1789 0 1166 0 1789 0 1168 0 1166 0 1789 0 1790 0 1168 0 1790 0 1170 0 1168 0 1790 0 1791 0 1170 0 1791 0 1172 0 1170 0 1791 0 1792 0 1172 0 1792 0 1174 0 1172 0 1792 0 1793 0 1174 0 1793 0 1176 0 1174 0 1793 0 1794 0 1176 0 1794 0 1178 0 1176 0 1794 0 1795 0 1178 0 1795 0 1180 0 1178 0 1795 0 1796 0 1180 0 1796 0 1182 0 1180 0 1796 0 1797 0 1182 0 1797 0 1184 0 1182 0 1797 0 1798 0 1184 0 1798 0 1186 0 1184 0 1798 0 1799 0 1186 0 1799 0 1188 0 1186 0 1799 0 1800 0 1188 0 1800 0 1190 0 1188 0 1800 0 1801 0 1190 0 1801 0 1192 0 1190 0 1801 0 1802 0 1192 0 1802 0 1194 0 1192 0 1802 0 1803 0 1194 0 1803 0 1196 0 1194 0 1803 0 1804 0 1196 0 1804 0 1198 0 1196 0 1804 0 1805 0 1198 0 1805 0 1200 0 1198 0 1805 0 1806 0 1200 0 1806 0 1202 0 1200 0 1806 0 1807 0 1202 0 1807 0 1204 0 1202 0 1807 0 1808 0 1204 0 1808 0 1206 0 1204 0 1808 0 1809 0 1206 0 1809 0 1208 0 1206 0 1809 0 1810 0 1208 0 1810 0 1210 0 1208 0 1810 0 1811 0 1210 0 1811 0 1212 0 1210 0 1811 0 1812 0 1212 0 1812 0 1214 0 1212 0 1812 0 1813 0 1214 0 1813 0 1216 0 1214 0 1813 0 1814 0 1216 0 1814 0 1218 0 1216 0 1814 0 1815 0 1218 0 1815 0 1220 0 1218 0 1815 0 1816 0 1220 0 1816 0 1222 0 1220 0 1816 0 1817 0 1222 0 1817 0 1224 0 1222 0 1817 0 1818 0 1224 0 1818 0 1226 0 1224 0 1818 0 1819 0 1226 0 1819 0 1228 0 1226 0 1819 0 1820 0 1228 0 1820 0 1230 0 1228 0 1820 0 1821 0 1230 0 1821 0 1232 0 1230 0 1821 0 1822 0 1232 0 1822 0 1234 0 1232 0 1822 0 1823 0 1234 0 1823 0 1236 0 1234 0 1823 0 1824 0 1236 0 1824 0 1238 0 1236 0 1824 0 1825 0 1238 0 1825 0 1240 0 1238 0 1825 0 1826 0 1240 0 1826 0 1241 0 1240 0 1826 0 1827 0 1241 0 1827 0 1242 0 1241 0 1827 0 1828 0 1242 0 1828 0 1243 0 1242 0 1828 0 1829 0 1243 0 1829 0 1244 0 1243 0 1829 0 1830 0 1244 0 1830 0 1245 0 1244 0 1830 0 1831 0 1245 0 1831 0 1246 0 1245 0 1831 0 1832 0 1246 0 1832 0 1247 0 1246 0 1832 0 1833 0 1247 0 1833 0 1248 0 1247 0 1833 0 1834 0 1248 0 1834 0 1249 0 1248 0 1834 0 1835 0 1249 0 1835 0 1250 0 1249 0 1835 0 1836 0 1250 0 1836 0 1251 0 1250 0 1836 0 1837 0 1251 0 1837 0 1252 0 1251 0 1837 0 1838 0 1252 0 1838 0 1253 0 1252 0 1838 0 1839 0 1253 0 1839 0 1254 0 1253 0 1839 0 1840 0 1254 0 1840 0 1255 0 1254 0 1840 0 1841 0 1255 0 1841 0 1256 0 1255 0 1841 0 1842 0 1256 0 1842 0 1257 0 1256 0 1842 0 1843 0 1257 0 1843 0 1258 0 1257 0 1843 0 1844 0 1258 0 1844 0 1259 0 1258 0 1844 0 1845 0 1259 0 1845 0 1260 0 1259 0 1845 0 1846 0 1260 0 1846 0 1261 0 1260 0 1846 0 1847 0 1261 0 1847 0 1262 0 1261 0 1847 0 1848 0 1262 0 1848 0 1263 0 1262 0 1848 0 1849 0 1263 0 1849 0 1264 0 1263 0 1849 0 1850 0 1264 0 1850 0 1265 0 1264 0 1850 0 1851 0 1265 0 1851 0 1266 0 1265 0 1851 0 1852 0 1266 0 1852 0 1267 0 1266 0 1852 0 1853 0 1267 0 1853 0 1268 0 1267 0 1853 0 1854 0 1268 0 1854 0 1269 0 1268 0 1854 0 1855 0 1269 0 1855 0 1270 0 1269 0 1855 0 1856 0 1270 0 1856 0 1271 0 1270 0 1856 0 1857 0 1271 0 1857 0 1272 0 1271 0 1857 0 1858 0 1272 0 1858 0 1273 0 1272 0 1858 0 1859 0 1273 0 1859 0 1274 0 1273 0 1859 0 1860 0 1274 0 1860 0 1275 0 1274 0 1860 0 1861 0 1275 0 1861 0 1276 0 1275 0 1861 0 1862 0 1276 0 1862 0 1277 0 1276 0 1862 0 1863 0 1277 0 1863 0 1278 0 1277 0 1863 0 1864 0 1278 0 1864 0 1279 0 1278 0 1864 0 1865 0 1279 0 1865 0 1280 0 1279 0 1865 0 1866 0 1280 0 1866 0 1281 0 1280 0 1866 0 1867 0 1281 0 1867 0 1282 0 1281 0 1867 0 1868 0 1282 0 1868 0 1283 0 1282 0 1868 0 1869 0 1283 0 1869 0 1284 0 1283 0 1869 0 1870 0 1284 0 1870 0 1285 0 1284 0 1870 0 1871 0 1285 0 1871 0 1286 0 1285 0 1871 0 1872 0 1286 0 1872 0 1287 0 1286 0 1872 0 1873 0 1287 0 1873 0 1288 0 1287 0 1873 0 1874 0 1288 0 1874 0 1289 0 1288 0 1874 0 1875 0 1289 0 1875 0 1290 0 1289 0 1875 0 1876 0 1290 0 1876 0 1291 0 1290 0 1876 0 1877 0 1291 0 1877 0 1292 0 1291 0 1877 0 1878 0 1292 0 1878 0 1293 0 1292 0 1878 0 1879 0 1293 0 1879 0 1294 0 1293 0 1879 0 1880 0 1294 0 1880 0 1295 0 1294 0 1880 0 1881 0 1295 0 1881 0 1296 0 1295 0 1881 0 1882 0 1296 0 1882 0 1297 0 1296 0 1882 0 1883 0 1297 0 1883 0 1298 0 1297 0 1883 0 1884 0 1298 0 1884 0 1299 0 1298 0 1884 0 1885 0 1299 0 1885 0 1300 0 1299 0 1885 0 1886 0 1300 0 1886 0 1302 0 1300 0</p>
        </triangles>
      </mesh>
    </geometry>
  </library_geometries>
  <library_visual_scenes>
    <visual_scene id="DefaultScene">
      <node id="node_94678204_b115_4ff3_9d03_9e382ba11b77" type="NODE">
        <matrix>1 0 0 0 0 1 0 0 0 0 1 0 0 0 0 1</matrix>
        <node id="node_079a6eb4_d5e4_4a87_9de8_90a70f95c2c3" type="NODE">
          <matrix>1 0 0 0 0 1 0 0 0 0 1 0 0 0 0 1</matrix>
          <node id="node_079a6eb4_d5e4_4a87_9de8_90a70f95c2c3_mesh0" type="NODE">
            <matrix>1 0 0 0 0 1 0 0 0 0 1 0 0 0 0 1</matrix>
            <instance_geometry url="#geometry_fab5999f_816f_45f0_ada9_b50b3e5876a3">
              <bind_material>
                <technique_common>
                  <instance_material symbol="mat_0" target="#mat_0"/>
                </technique_common>
              </bind_material>
            </instance_geometry>
          </node>
        </node>
        <node id="node_31dcf7bc_62d2_49a7_bd72_403e95f979c3" type="NODE">
          <matrix>1 0 0 0 0 1 0 0 0 0 1 0 0 0 0 1</matrix>
          <node id="node_31dcf7bc_62d2_49a7_bd72_403e95f979c3_mesh0" type="NODE">
            <matrix>1 0 0 0 0 1 0 0 0 0 1 0 0 0 0 1</matrix>
            <instance_geometry url="#geometry_11edf7ef_f75b_492b_bc87_95a79dc044ba">
              <bind_material>
                <technique_common>
                  <instance_material symbol="mat_0" target="#mat_0"/>
                </technique_common>
              </bind_material>
            </instance_geometry>
          </node>
        </node>
      </node>
    </visual_scene>
  </library_visual_scenes>
  <scene>
    <instance_visual_scene url="#DefaultScene"/>
  </scene>
</COLLADA>
